id,title,text,category,price,location,contact_info
245.0,"بنطلون H&M قماش - لون بيج, جديد","بنطلون H&M قماش - لون بيج, جديد. السعر: 2281.67 جنيه. للمعاينة في القاهرة. للتواصل: 01049572177.",ملابس,2281.67,القاهرة,1049572177
158.0,"هودي Zara قطن - لون أزرق, استعمال خفيف","هودي Zara قطن - لون أزرق, استعمال خفيف. السعر: 1808.3 جنيه. للمعاينة في الجيزة. للتواصل: 01056372696.",ملابس,1808.3,الجيزة,1056372696
111.0,"تيشيرت H&M بولو - لون أخضر, جديد","تيشيرت H&M بولو - لون أخضر, جديد. السعر: 1948.74 جنيه. للمعاينة في الأقصر. للتواصل: 01159141268.",ملابس,1948.74,الأقصر,1159141268
9.0,موبايل Samsung Galaxy Z Fold 5 للبيع,موبايل Samsung Galaxy Z Fold 5 للبيع - يحتاج تغيير بطارية. السعر: 112622.96 جنيه. للتواصل: 01062347095. المكان: أسيوط.,موبايلات,112622.96,أسيوط,1062347095
306.0,"تيشيرت Defacto أوفر سايز - لون أزرق, بحالة ممتازة","تيشيرت Defacto أوفر سايز - لون أزرق, بحالة ممتازة. السعر: 1027.49 جنيه. للمعاينة في الجيزة. للتواصل: 01134863126.",ملابس,1027.49,الجيزة,1134863126
304.0,"بنطلون Defacto قماش - لون أزرق, استعمال خفيف","بنطلون Defacto قماش - لون أزرق, استعمال خفيف. السعر: 2229.37 جنيه. للمعاينة في الإسكندرية. للتواصل: 01095760894.",ملابس,2229.37,الإسكندرية,1095760894
341.0,"تيشيرت Adidas قطن - لون أسود, استعمال خفيف","تيشيرت Adidas قطن - لون أسود, استعمال خفيف. السعر: 1245.7 جنيه. للمعاينة في القاهرة. للتواصل: 01158589802.",ملابس,1245.7,القاهرة,1158589802
11.0,موبايل Oppo Reno 10 للبيع,موبايل Oppo Reno 10 للبيع - مستعمل خفيف. السعر: 115917.19 جنيه. للتواصل: 01176396153. المكان: الإسكندرية.,موبايلات,115917.19,الإسكندرية,1176396153
411.0,"هودي Adidas قطن - لون أزرق, جديد","هودي Adidas قطن - لون أزرق, جديد. السعر: 1840.61 جنيه. للمعاينة في المنصورة. للتواصل: 01114606917.",ملابس,1840.61,المنصورة,1114606917
90.0,موبايل Realme GT Neo 6 للبيع,موبايل Realme GT Neo 6 للبيع - مستعمل خفيف. السعر: 63407.59 جنيه. للتواصل: 01250669609. المكان: أسيوط.,موبايلات,63407.59,أسيوط,1250669609
208.0,"هودي Zara مبطن - لون أبيض, استعمال خفيف","هودي Zara مبطن - لون أبيض, استعمال خفيف. السعر: 292.87 جنيه. للمعاينة في الجيزة. للتواصل: 01255114790.",ملابس,292.87,الجيزة,1255114790
285.0,"بنطلون Puma رياضي - لون رمادي, بحالة ممتازة","بنطلون Puma رياضي - لون رمادي, بحالة ممتازة. السعر: 2076.47 جنيه. للمعاينة في طنطا. للتواصل: 01073519362.",ملابس,2076.47,طنطا,1073519362
120.0,"بنطلون Nike رياضي - لون أحمر, جديد","بنطلون Nike رياضي - لون أحمر, جديد. السعر: 1587.47 جنيه. للمعاينة في المنصورة. للتواصل: 01254961087.",ملابس,1587.47,المنصورة,1254961087
392.0,"هودي Puma ميلتون - لون أحمر, استعمال خفيف","هودي Puma ميلتون - لون أحمر, استعمال خفيف. السعر: 307.83 جنيه. للمعاينة في المنصورة. للتواصل: 01243969704.",ملابس,307.83,المنصورة,1243969704
123.0,"تيشيرت Nike أوفر سايز - لون أزرق, بحالة ممتازة","تيشيرت Nike أوفر سايز - لون أزرق, بحالة ممتازة. السعر: 1883.61 جنيه. للمعاينة في الأقصر. للتواصل: 01051344842.",ملابس,1883.61,الأقصر,1051344842
348.0,"هودي Puma ميلتون - لون بيج, استعمال خفيف","هودي Puma ميلتون - لون بيج, استعمال خفيف. السعر: 363.26 جنيه. للمعاينة في أسيوط. للتواصل: 01025690962.",ملابس,363.26,أسيوط,1025690962
216.0,"تيشيرت Defacto أوفر سايز - لون أحمر, بحالة ممتازة","تيشيرت Defacto أوفر سايز - لون أحمر, بحالة ممتازة. السعر: 2022.33 جنيه. للمعاينة في طنطا. للتواصل: 01210384649.",ملابس,2022.33,طنطا,1210384649
51.0,موبايل Samsung Galaxy A55 للبيع,موبايل Samsung Galaxy A55 للبيع - مستعمل خفيف. السعر: 24825.77 جنيه. للتواصل: 01144672282. المكان: أسيوط.,موبايلات,24825.77,أسيوط,1144672282
104.0,موبايل Apple iPhone SE للبيع,موبايل Apple iPhone SE للبيع - مستعمل بحالة ممتازة. السعر: 57797.26 جنيه. للتواصل: 01279511876. المكان: المنصورة.,موبايلات,57797.26,المنصورة,1279511876
56.0,موبايل Apple iPhone SE للبيع,موبايل Apple iPhone SE للبيع - يحتاج تغيير بطارية. السعر: 102037.78 جنيه. للتواصل: 01075250159. المكان: الأقصر.,موبايلات,102037.78,الأقصر,1075250159
288.0,"تيشيرت Adidas بولو - لون بيج, استعمال خفيف","تيشيرت Adidas بولو - لون بيج, استعمال خفيف. السعر: 935.81 جنيه. للمعاينة في الأقصر. للتواصل: 01283132143.",ملابس,935.81,الأقصر,1283132143
410.0,"تيشيرت Adidas قطن - لون أحمر, بحالة ممتازة","تيشيرت Adidas قطن - لون أحمر, بحالة ممتازة. السعر: 616.25 جنيه. للمعاينة في الجيزة. للتواصل: 01174715705.",ملابس,616.25,الجيزة,1174715705
57.0,موبايل Realme GT Neo 6 للبيع,موبايل Realme GT Neo 6 للبيع - مستعمل بحالة ممتازة. السعر: 53219.7 جنيه. للتواصل: 01098804405. المكان: القاهرة.,موبايلات,53219.7,القاهرة,1098804405
205.0,"هودي Puma ميلتون - لون أزرق, استعمال خفيف","هودي Puma ميلتون - لون أزرق, استعمال خفيف. السعر: 1733.58 جنيه. للمعاينة في القاهرة. للتواصل: 01254044290.",ملابس,1733.58,القاهرة,1254044290
266.0,"هودي Puma صوف - لون أزرق, جديد","هودي Puma صوف - لون أزرق, جديد. السعر: 1296.93 جنيه. للمعاينة في القاهرة. للتواصل: 01077447841.",ملابس,1296.93,القاهرة,1077447841
484.0,"تيشيرت Puma أوفر سايز - لون أخضر, بحالة ممتازة","تيشيرت Puma أوفر سايز - لون أخضر, بحالة ممتازة. السعر: 1875.62 جنيه. للمعاينة في الجيزة. للتواصل: 01288739724.",ملابس,1875.62,الجيزة,1288739724
301.0,"بنطلون Nike رياضي - لون رمادي, استعمال خفيف","بنطلون Nike رياضي - لون رمادي, استعمال خفيف. السعر: 983.92 جنيه. للمعاينة في المنصورة. للتواصل: 01148532304.",ملابس,983.92,المنصورة,1148532304
500.0,"هودي Zara قطن - لون أخضر, جديد","هودي Zara قطن - لون أخضر, جديد. السعر: 1567.33 جنيه. للمعاينة في القاهرة. للتواصل: 01213041954.",ملابس,1567.33,القاهرة,1213041954
476.0,"هودي Nike قطن - لون أسود, بحالة ممتازة","هودي Nike قطن - لون أسود, بحالة ممتازة. السعر: 2292.19 جنيه. للمعاينة في أسيوط. للتواصل: 01220394054.",ملابس,2292.19,أسيوط,1220394054
239.0,"بنطلون Adidas جينز - لون رمادي, بحالة ممتازة","بنطلون Adidas جينز - لون رمادي, بحالة ممتازة. السعر: 1918.95 جنيه. للمعاينة في المنصورة. للتواصل: 01220832510.",ملابس,1918.95,المنصورة,1220832510
453.0,"هودي Nike صوف - لون أخضر, بحالة ممتازة","هودي Nike صوف - لون أخضر, بحالة ممتازة. السعر: 797.84 جنيه. للمعاينة في الأقصر. للتواصل: 01269766259.",ملابس,797.84,الأقصر,1269766259
234.0,"تيشيرت Defacto رياضي - لون أسود, بحالة ممتازة","تيشيرت Defacto رياضي - لون أسود, بحالة ممتازة. السعر: 1488.17 جنيه. للمعاينة في الإسكندرية. للتواصل: 01068413966.",ملابس,1488.17,الإسكندرية,1068413966
293.0,"هودي Zara صوف - لون أحمر, استعمال خفيف","هودي Zara صوف - لون أحمر, استعمال خفيف. السعر: 1874.67 جنيه. للمعاينة في الأقصر. للتواصل: 01218841897.",ملابس,1874.67,الأقصر,1218841897
368.0,"تيشيرت Zara بولو - لون أخضر, بحالة ممتازة","تيشيرت Zara بولو - لون أخضر, بحالة ممتازة. السعر: 288.1 جنيه. للمعاينة في المنصورة. للتواصل: 01066329290.",ملابس,288.1,المنصورة,1066329290
456.0,"هودي H&M صوف - لون أبيض, جديد","هودي H&M صوف - لون أبيض, جديد. السعر: 1383.16 جنيه. للمعاينة في الجيزة. للتواصل: 01251466372.",ملابس,1383.16,الجيزة,1251466372
50.0,موبايل Realme Realme 12 Pro+ للبيع,موبايل Realme Realme 12 Pro+ للبيع - مستعمل خفيف. السعر: 58003.54 جنيه. للتواصل: 01043937698. المكان: الإسكندرية.,موبايلات,58003.54,الإسكندرية,1043937698
117.0,"تيشيرت H&M أوفر سايز - لون أسود, بحالة ممتازة","تيشيرت H&M أوفر سايز - لون أسود, بحالة ممتازة. السعر: 999.71 جنيه. للمعاينة في المنصورة. للتواصل: 01221047096.",ملابس,999.71,المنصورة,1221047096
265.0,"بنطلون Adidas جينز - لون أحمر, بحالة ممتازة","بنطلون Adidas جينز - لون أحمر, بحالة ممتازة. السعر: 1291.43 جنيه. للمعاينة في أسيوط. للتواصل: 01143891501.",ملابس,1291.43,أسيوط,1143891501
64.0,موبايل Samsung Galaxy Z Fold 5 للبيع,موبايل Samsung Galaxy Z Fold 5 للبيع - مستعمل بحالة ممتازة. السعر: 18339.26 جنيه. للتواصل: 01142404499. المكان: القاهرة.,موبايلات,18339.26,القاهرة,1142404499
420.0,"تيشيرت Defacto قطن - لون أزرق, جديد","تيشيرت Defacto قطن - لون أزرق, جديد. السعر: 731.44 جنيه. للمعاينة في القاهرة. للتواصل: 01266793565.",ملابس,731.44,القاهرة,1266793565
151.0,"هودي H&M قطن - لون أخضر, استعمال خفيف","هودي H&M قطن - لون أخضر, استعمال خفيف. السعر: 1354.03 جنيه. للمعاينة في المنصورة. للتواصل: 01249568016.",ملابس,1354.03,المنصورة,1249568016
328.0,"هودي Adidas قطن - لون بيج, جديد","هودي Adidas قطن - لون بيج, جديد. السعر: 1257.82 جنيه. للمعاينة في القاهرة. للتواصل: 01096781780.",ملابس,1257.82,القاهرة,1096781780
396.0,"هودي H&M قطن - لون رمادي, بحالة ممتازة","هودي H&M قطن - لون رمادي, بحالة ممتازة. السعر: 2140.94 جنيه. للمعاينة في الأقصر. للتواصل: 01218158445.",ملابس,2140.94,الأقصر,1218158445
264.0,"هودي Defacto ميلتون - لون بيج, بحالة ممتازة","هودي Defacto ميلتون - لون بيج, بحالة ممتازة. السعر: 854.23 جنيه. للمعاينة في الإسكندرية. للتواصل: 01228602273.",ملابس,854.23,الإسكندرية,1228602273
356.0,"بنطلون H&M رياضي - لون أحمر, بحالة ممتازة","بنطلون H&M رياضي - لون أحمر, بحالة ممتازة. السعر: 557.12 جنيه. للمعاينة في المنصورة. للتواصل: 01294718347.",ملابس,557.12,المنصورة,1294718347
13.0,موبايل Realme C55 للبيع,موبايل Realme C55 للبيع - مستعمل بحالة ممتازة. السعر: 12973.94 جنيه. للتواصل: 01163302776. المكان: الأقصر.,موبايلات,12973.94,الأقصر,1163302776
313.0,"بنطلون Zara جبردين - لون أخضر, جديد","بنطلون Zara جبردين - لون أخضر, جديد. السعر: 1191.66 جنيه. للمعاينة في الجيزة. للتواصل: 01010993437.",ملابس,1191.66,الجيزة,1010993437
36.0,موبايل Realme GT Neo 6 للبيع,موبايل Realme GT Neo 6 للبيع - مستعمل بحالة ممتازة. السعر: 2073.45 جنيه. للتواصل: 01149006083. المكان: الأقصر.,موبايلات,2073.45,الأقصر,1149006083
256.0,"هودي LC Waikiki صوف - لون أحمر, جديد","هودي LC Waikiki صوف - لون أحمر, جديد. السعر: 1818.72 جنيه. للمعاينة في الإسكندرية. للتواصل: 01053134874.",ملابس,1818.72,الإسكندرية,1053134874
323.0,"تيشيرت Defacto رياضي - لون أبيض, جديد","تيشيرت Defacto رياضي - لون أبيض, جديد. السعر: 2064.94 جنيه. للمعاينة في المنصورة. للتواصل: 01150997198.",ملابس,2064.94,المنصورة,1150997198
501.0,"هودي H&M مبطن - لون رمادي, بحالة ممتازة","هودي H&M مبطن - لون رمادي, بحالة ممتازة. السعر: 792.44 جنيه. للمعاينة في أسيوط. للتواصل: 01197818747.",ملابس,792.44,أسيوط,1197818747
286.0,"هودي Puma ميلتون - لون رمادي, جديد","هودي Puma ميلتون - لون رمادي, جديد. السعر: 1640.59 جنيه. للمعاينة في أسيوط. للتواصل: 01141774636.",ملابس,1640.59,أسيوط,1141774636
133.0,"هودي LC Waikiki مبطن - لون رمادي, بحالة ممتازة","هودي LC Waikiki مبطن - لون رمادي, بحالة ممتازة. السعر: 1334.49 جنيه. للمعاينة في أسيوط. للتواصل: 01266873761.",ملابس,1334.49,أسيوط,1266873761
95.0,موبايل Samsung Galaxy Z Fold 5 للبيع,موبايل Samsung Galaxy Z Fold 5 للبيع - مستعمل بحالة ممتازة. السعر: 28843.09 جنيه. للتواصل: 01021901949. المكان: طنطا.,موبايلات,28843.09,طنطا,1021901949
121.0,"بنطلون Defacto جبردين - لون أبيض, جديد","بنطلون Defacto جبردين - لون أبيض, جديد. السعر: 1129.15 جنيه. للمعاينة في أسيوط. للتواصل: 01256834240.",ملابس,1129.15,أسيوط,1256834240
283.0,"بنطلون Zara جينز - لون بيج, بحالة ممتازة","بنطلون Zara جينز - لون بيج, بحالة ممتازة. السعر: 2403.13 جنيه. للمعاينة في المنصورة. للتواصل: 01281888506.",ملابس,2403.13,المنصورة,1281888506
149.0,"بنطلون Nike رياضي - لون رمادي, بحالة ممتازة","بنطلون Nike رياضي - لون رمادي, بحالة ممتازة. السعر: 1691.76 جنيه. للمعاينة في الجيزة. للتواصل: 01072020312.",ملابس,1691.76,الجيزة,1072020312
273.0,"هودي Puma ميلتون - لون أحمر, استعمال خفيف","هودي Puma ميلتون - لون أحمر, استعمال خفيف. السعر: 1077.42 جنيه. للمعاينة في الجيزة. للتواصل: 01066787557.",ملابس,1077.42,الجيزة,1066787557
192.0,"بنطلون Puma قماش - لون أحمر, استعمال خفيف","بنطلون Puma قماش - لون أحمر, استعمال خفيف. السعر: 1651.49 جنيه. للمعاينة في الإسكندرية. للتواصل: 01217252532.",ملابس,1651.49,الإسكندرية,1217252532
29.0,موبايل Oppo Find X7 للبيع,موبايل Oppo Find X7 للبيع - يحتاج تغيير بطارية. السعر: 66813.78 جنيه. للتواصل: 01252943226. المكان: المنصورة.,موبايلات,66813.78,المنصورة,1252943226
69.0,موبايل Apple iPhone 15 للبيع,موبايل Apple iPhone 15 للبيع - مستعمل خفيف. السعر: 62512.12 جنيه. للتواصل: 01065530779. المكان: القاهرة.,موبايلات,62512.12,القاهرة,1065530779
389.0,"بنطلون Nike رياضي - لون أسود, استعمال خفيف","بنطلون Nike رياضي - لون أسود, استعمال خفيف. السعر: 688.36 جنيه. للمعاينة في طنطا. للتواصل: 01220387044.",ملابس,688.36,طنطا,1220387044
41.0,موبايل Samsung Galaxy A55 للبيع,موبايل Samsung Galaxy A55 للبيع - جديد بالعلبة. السعر: 31719.23 جنيه. للتواصل: 01074214835. المكان: طنطا.,موبايلات,31719.23,طنطا,1074214835
445.0,"بنطلون Nike جينز - لون بيج, بحالة ممتازة","بنطلون Nike جينز - لون بيج, بحالة ممتازة. السعر: 1460.05 جنيه. للمعاينة في طنطا. للتواصل: 01191217130.",ملابس,1460.05,طنطا,1191217130
359.0,"بنطلون LC Waikiki جينز - لون أبيض, بحالة ممتازة","بنطلون LC Waikiki جينز - لون أبيض, بحالة ممتازة. السعر: 557.78 جنيه. للمعاينة في الجيزة. للتواصل: 01223935558.",ملابس,557.78,الجيزة,1223935558
289.0,"بنطلون Nike رياضي - لون أخضر, استعمال خفيف","بنطلون Nike رياضي - لون أخضر, استعمال خفيف. السعر: 1335.79 جنيه. للمعاينة في الجيزة. للتواصل: 01247268557.",ملابس,1335.79,الجيزة,1247268557
413.0,"هودي Defacto صوف - لون بيج, جديد","هودي Defacto صوف - لون بيج, جديد. السعر: 2279.08 جنيه. للمعاينة في طنطا. للتواصل: 01075607458.",ملابس,2279.08,طنطا,1075607458
22.0,موبايل Realme Realme 12 Pro+ للبيع,موبايل Realme Realme 12 Pro+ للبيع - يحتاج تغيير بطارية. السعر: 32284.47 جنيه. للتواصل: 01278888810. المكان: المنصورة.,موبايلات,32284.47,المنصورة,1278888810
58.0,موبايل Xiaomi Redmi Note 13 للبيع,موبايل Xiaomi Redmi Note 13 للبيع - يحتاج تغيير بطارية. السعر: 63930.83 جنيه. للتواصل: 01119280204. المكان: طنطا.,موبايلات,63930.83,طنطا,1119280204
482.0,"هودي Adidas صوف - لون أزرق, جديد","هودي Adidas صوف - لون أزرق, جديد. السعر: 200.45 جنيه. للمعاينة في الإسكندرية. للتواصل: 01015150135.",ملابس,200.45,الإسكندرية,1015150135
429.0,"بنطلون LC Waikiki جينز - لون أسود, استعمال خفيف","بنطلون LC Waikiki جينز - لون أسود, استعمال خفيف. السعر: 2222.01 جنيه. للمعاينة في الأقصر. للتواصل: 01071630289.",ملابس,2222.01,الأقصر,1071630289
255.0,"هودي H&M صوف - لون أخضر, بحالة ممتازة","هودي H&M صوف - لون أخضر, بحالة ممتازة. السعر: 2335.13 جنيه. للمعاينة في الأقصر. للتواصل: 01140135486.",ملابس,2335.13,الأقصر,1140135486
37.0,موبايل Xiaomi Redmi Note 13 للبيع,موبايل Xiaomi Redmi Note 13 للبيع - جديد بالعلبة. السعر: 99928.34 جنيه. للتواصل: 01077824422. المكان: طنطا.,موبايلات,99928.34,طنطا,1077824422
366.0,"تيشيرت Defacto قطن - لون رمادي, جديد","تيشيرت Defacto قطن - لون رمادي, جديد. السعر: 2360.0 جنيه. للمعاينة في الأقصر. للتواصل: 01098833252.",ملابس,2360.0,الأقصر,1098833252
419.0,"بنطلون LC Waikiki جينز - لون أسود, استعمال خفيف","بنطلون LC Waikiki جينز - لون أسود, استعمال خفيف. السعر: 1287.63 جنيه. للمعاينة في طنطا. للتواصل: 01016810119.",ملابس,1287.63,طنطا,1016810119
478.0,"هودي Nike مبطن - لون بيج, استعمال خفيف","هودي Nike مبطن - لون بيج, استعمال خفيف. السعر: 445.36 جنيه. للمعاينة في المنصورة. للتواصل: 01277491975.",ملابس,445.36,المنصورة,1277491975
241.0,"تيشيرت Defacto بولو - لون أزرق, بحالة ممتازة","تيشيرت Defacto بولو - لون أزرق, بحالة ممتازة. السعر: 178.91 جنيه. للمعاينة في أسيوط. للتواصل: 01213991897.",ملابس,178.91,أسيوط,1213991897
73.0,موبايل Oppo Find X7 للبيع,موبايل Oppo Find X7 للبيع - مستعمل خفيف. السعر: 102845.14 جنيه. للتواصل: 01016205078. المكان: الأقصر.,موبايلات,102845.14,الأقصر,1016205078
379.0,"هودي Zara مبطن - لون أخضر, بحالة ممتازة","هودي Zara مبطن - لون أخضر, بحالة ممتازة. السعر: 1336.53 جنيه. للمعاينة في القاهرة. للتواصل: 01110964305.",ملابس,1336.53,القاهرة,1110964305
190.0,"بنطلون Zara قماش - لون أبيض, استعمال خفيف","بنطلون Zara قماش - لون أبيض, استعمال خفيف. السعر: 1560.37 جنيه. للمعاينة في أسيوط. للتواصل: 01238081735.",ملابس,1560.37,أسيوط,1238081735
403.0,"بنطلون Adidas جينز - لون أزرق, جديد","بنطلون Adidas جينز - لون أزرق, جديد. السعر: 1618.43 جنيه. للمعاينة في طنطا. للتواصل: 01030611924.",ملابس,1618.43,طنطا,1030611924
7.0,موبايل Samsung Galaxy S23 Ultra للبيع,موبايل Samsung Galaxy S23 Ultra للبيع - مستعمل خفيف. السعر: 79194.51 جنيه. للتواصل: 01229718853. المكان: الأقصر.,موبايلات,79194.51,الأقصر,1229718853
262.0,"هودي H&M ميلتون - لون أسود, بحالة ممتازة","هودي H&M ميلتون - لون أسود, بحالة ممتازة. السعر: 211.58 جنيه. للمعاينة في الجيزة. للتواصل: 01235067629.",ملابس,211.58,الجيزة,1235067629
450.0,"بنطلون Defacto قماش - لون رمادي, بحالة ممتازة","بنطلون Defacto قماش - لون رمادي, بحالة ممتازة. السعر: 2338.28 جنيه. للمعاينة في الإسكندرية. للتواصل: 01228380086.",ملابس,2338.28,الإسكندرية,1228380086
433.0,"بنطلون Puma رياضي - لون أسود, استعمال خفيف","بنطلون Puma رياضي - لون أسود, استعمال خفيف. السعر: 656.29 جنيه. للمعاينة في أسيوط. للتواصل: 01116851721.",ملابس,656.29,أسيوط,1116851721
213.0,"بنطلون Adidas جبردين - لون رمادي, بحالة ممتازة","بنطلون Adidas جبردين - لون رمادي, بحالة ممتازة. السعر: 1938.6 جنيه. للمعاينة في أسيوط. للتواصل: 01114146700.",ملابس,1938.6,أسيوط,1114146700
438.0,"بنطلون LC Waikiki رياضي - لون أخضر, جديد","بنطلون LC Waikiki رياضي - لون أخضر, جديد. السعر: 2259.08 جنيه. للمعاينة في الجيزة. للتواصل: 01043348987.",ملابس,2259.08,الجيزة,1043348987
139.0,"بنطلون Nike جينز - لون أسود, استعمال خفيف","بنطلون Nike جينز - لون أسود, استعمال خفيف. السعر: 1931.76 جنيه. للمعاينة في المنصورة. للتواصل: 01161572554.",ملابس,1931.76,المنصورة,1161572554
361.0,"بنطلون Defacto جبردين - لون رمادي, استعمال خفيف","بنطلون Defacto جبردين - لون رمادي, استعمال خفيف. السعر: 730.38 جنيه. للمعاينة في طنطا. للتواصل: 01263200662.",ملابس,730.38,طنطا,1263200662
367.0,"هودي Defacto مبطن - لون رمادي, بحالة ممتازة","هودي Defacto مبطن - لون رمادي, بحالة ممتازة. السعر: 2113.05 جنيه. للمعاينة في أسيوط. للتواصل: 01025104376.",ملابس,2113.05,أسيوط,1025104376
297.0,"هودي Adidas مبطن - لون أخضر, بحالة ممتازة","هودي Adidas مبطن - لون أخضر, بحالة ممتازة. السعر: 713.05 جنيه. للمعاينة في الإسكندرية. للتواصل: 01240298050.",ملابس,713.05,الإسكندرية,1240298050
86.0,موبايل Realme Realme 12 Pro+ للبيع,موبايل Realme Realme 12 Pro+ للبيع - مستعمل خفيف. السعر: 58759.38 جنيه. للتواصل: 01238446479. المكان: الإسكندرية.,موبايلات,58759.38,الإسكندرية,1238446479
196.0,"بنطلون Adidas جبردين - لون أزرق, جديد","بنطلون Adidas جبردين - لون أزرق, جديد. السعر: 2136.17 جنيه. للمعاينة في الأقصر. للتواصل: 01150241238.",ملابس,2136.17,الأقصر,1150241238
332.0,"تيشيرت Puma قطن - لون أسود, جديد","تيشيرت Puma قطن - لون أسود, جديد. السعر: 1751.97 جنيه. للمعاينة في الأقصر. للتواصل: 01260576084.",ملابس,1751.97,الأقصر,1260576084
353.0,"بنطلون Defacto قماش - لون أزرق, بحالة ممتازة","بنطلون Defacto قماش - لون أزرق, بحالة ممتازة. السعر: 1731.55 جنيه. للمعاينة في الجيزة. للتواصل: 01262763831.",ملابس,1731.55,الجيزة,1262763831
236.0,"هودي Nike مبطن - لون أسود, جديد","هودي Nike مبطن - لون أسود, جديد. السعر: 896.2 جنيه. للمعاينة في الإسكندرية. للتواصل: 01278375460.",ملابس,896.2,الإسكندرية,1278375460
160.0,"هودي Adidas صوف - لون أحمر, بحالة ممتازة","هودي Adidas صوف - لون أحمر, بحالة ممتازة. السعر: 677.88 جنيه. للمعاينة في الجيزة. للتواصل: 01215437682.",ملابس,677.88,الجيزة,1215437682
321.0,"تيشيرت LC Waikiki أوفر سايز - لون أسود, جديد","تيشيرت LC Waikiki أوفر سايز - لون أسود, جديد. السعر: 2214.67 جنيه. للمعاينة في الأقصر. للتواصل: 01141215179.",ملابس,2214.67,الأقصر,1141215179
342.0,"تيشيرت H&M رياضي - لون أسود, جديد","تيشيرت H&M رياضي - لون أسود, جديد. السعر: 1121.65 جنيه. للمعاينة في الأقصر. للتواصل: 01295761422.",ملابس,1121.65,الأقصر,1295761422
34.0,موبايل Realme GT Neo 6 للبيع,موبايل Realme GT Neo 6 للبيع - يحتاج تغيير بطارية. السعر: 73932.78 جنيه. للتواصل: 01157746541. المكان: الجيزة.,موبايلات,73932.78,الجيزة,1157746541
463.0,"تيشيرت H&M قطن - لون أخضر, جديد","تيشيرت H&M قطن - لون أخضر, جديد. السعر: 1480.43 جنيه. للمعاينة في الإسكندرية. للتواصل: 01273458259.",ملابس,1480.43,الإسكندرية,1273458259
499.0,"بنطلون Puma رياضي - لون رمادي, استعمال خفيف","بنطلون Puma رياضي - لون رمادي, استعمال خفيف. السعر: 288.04 جنيه. للمعاينة في المنصورة. للتواصل: 01054441452.",ملابس,288.04,المنصورة,1054441452
32.0,موبايل Xiaomi Xiaomi 14 للبيع,موبايل Xiaomi Xiaomi 14 للبيع - جديد بالعلبة. السعر: 60898.28 جنيه. للتواصل: 01131007149. المكان: أسيوط.,موبايلات,60898.28,أسيوط,1131007149
416.0,"هودي H&M مبطن - لون أحمر, بحالة ممتازة","هودي H&M مبطن - لون أحمر, بحالة ممتازة. السعر: 332.85 جنيه. للمعاينة في الإسكندرية. للتواصل: 01189787575.",ملابس,332.85,الإسكندرية,1189787575
237.0,"هودي LC Waikiki مبطن - لون أزرق, جديد","هودي LC Waikiki مبطن - لون أزرق, جديد. السعر: 1331.21 جنيه. للمعاينة في الجيزة. للتواصل: 01051232955.",ملابس,1331.21,الجيزة,1051232955
251.0,"هودي Nike قطن - لون رمادي, جديد","هودي Nike قطن - لون رمادي, جديد. السعر: 1607.91 جنيه. للمعاينة في أسيوط. للتواصل: 01265325925.",ملابس,1607.91,أسيوط,1265325925
235.0,"بنطلون Defacto رياضي - لون أبيض, استعمال خفيف","بنطلون Defacto رياضي - لون أبيض, استعمال خفيف. السعر: 733.25 جنيه. للمعاينة في أسيوط. للتواصل: 01097276374.",ملابس,733.25,أسيوط,1097276374
299.0,"بنطلون LC Waikiki رياضي - لون أحمر, جديد","بنطلون LC Waikiki رياضي - لون أحمر, جديد. السعر: 504.93 جنيه. للمعاينة في طنطا. للتواصل: 01126419535.",ملابس,504.93,طنطا,1126419535
42.0,موبايل Realme Narzo 50 للبيع,موبايل Realme Narzo 50 للبيع - مستعمل بحالة ممتازة. السعر: 94490.68 جنيه. للتواصل: 01034774708. المكان: المنصورة.,موبايلات,94490.68,المنصورة,1034774708
39.0,موبايل Realme Realme 12 Pro+ للبيع,موبايل Realme Realme 12 Pro+ للبيع - مستعمل خفيف. السعر: 16345.43 جنيه. للتواصل: 01223054554. المكان: الجيزة.,موبايلات,16345.43,الجيزة,1223054554
171.0,"تيشيرت Nike بولو - لون رمادي, بحالة ممتازة","تيشيرت Nike بولو - لون رمادي, بحالة ممتازة. السعر: 936.27 جنيه. للمعاينة في الأقصر. للتواصل: 01244102445.",ملابس,936.27,الأقصر,1244102445
505.0,"هودي Defacto مبطن - لون بيج, جديد","هودي Defacto مبطن - لون بيج, جديد. السعر: 1949.89 جنيه. للمعاينة في الأقصر. للتواصل: 01166757986.",ملابس,1949.89,الأقصر,1166757986
292.0,"تيشيرت LC Waikiki بولو - لون بيج, استعمال خفيف","تيشيرت LC Waikiki بولو - لون بيج, استعمال خفيف. السعر: 629.22 جنيه. للمعاينة في أسيوط. للتواصل: 01094113984.",ملابس,629.22,أسيوط,1094113984
481.0,"تيشيرت Adidas أوفر سايز - لون أحمر, استعمال خفيف","تيشيرت Adidas أوفر سايز - لون أحمر, استعمال خفيف. السعر: 1190.54 جنيه. للمعاينة في أسيوط. للتواصل: 01139258635.",ملابس,1190.54,أسيوط,1139258635
346.0,"بنطلون Defacto رياضي - لون أزرق, استعمال خفيف","بنطلون Defacto رياضي - لون أزرق, استعمال خفيف. السعر: 346.08 جنيه. للمعاينة في أسيوط. للتواصل: 01153416899.",ملابس,346.08,أسيوط,1153416899
203.0,"بنطلون H&M جبردين - لون أحمر, جديد","بنطلون H&M جبردين - لون أحمر, جديد. السعر: 1296.93 جنيه. للمعاينة في الجيزة. للتواصل: 01124199322.",ملابس,1296.93,الجيزة,1124199322
400.0,"تيشيرت Zara أوفر سايز - لون أخضر, جديد","تيشيرت Zara أوفر سايز - لون أخضر, جديد. السعر: 2022.79 جنيه. للمعاينة في طنطا. للتواصل: 01020473369.",ملابس,2022.79,طنطا,1020473369
23.0,موبايل Xiaomi Redmi Note 13 للبيع,موبايل Xiaomi Redmi Note 13 للبيع - مستعمل بحالة ممتازة. السعر: 81913.82 جنيه. للتواصل: 01146139469. المكان: طنطا.,موبايلات,81913.82,طنطا,1146139469
72.0,موبايل Realme Realme 12 Pro+ للبيع,موبايل Realme Realme 12 Pro+ للبيع - مستعمل خفيف. السعر: 21990.57 جنيه. للتواصل: 01075870658. المكان: أسيوط.,موبايلات,21990.57,أسيوط,1075870658
173.0,"هودي Defacto قطن - لون بيج, استعمال خفيف","هودي Defacto قطن - لون بيج, استعمال خفيف. السعر: 1761.34 جنيه. للمعاينة في الأقصر. للتواصل: 01282218645.",ملابس,1761.34,الأقصر,1282218645
314.0,"بنطلون Defacto جبردين - لون رمادي, استعمال خفيف","بنطلون Defacto جبردين - لون رمادي, استعمال خفيف. السعر: 2135.2 جنيه. للمعاينة في المنصورة. للتواصل: 01251169348.",ملابس,2135.2,المنصورة,1251169348
28.0,موبايل Apple iPhone 15 Pro Max للبيع,موبايل Apple iPhone 15 Pro Max للبيع - مستعمل بحالة ممتازة. السعر: 58029.24 جنيه. للتواصل: 01284558676. المكان: أسيوط.,موبايلات,58029.24,أسيوط,1284558676
2.0,🚗 سيارة تويوتا كورولا 2020 للبيع - فرصة ذهبية!  🔥 ...,🚗 سيارة تويوتا كورولا 2020 للبيع - فرصة ذهبية!  🔥 المميزات: • موديل 2020 - استعمال خفيف • محرك 1.6 لتر اقتصادي • ناقل حركة أوتوماتيك • مكيف هواء - نوافذ كهربائية • عداد: 45 000 كم فقط  💵 السعر: 320 000 جنيه 📍 الموقع: الإسكندرية 📱 للاستفسار: 01098765432,سيارات,320000.0,الإسكندرية,1098765432
475.0,"تيشيرت Puma قطن - لون بيج, جديد","تيشيرت Puma قطن - لون بيج, جديد. السعر: 1111.8 جنيه. للمعاينة في طنطا. للتواصل: 01155549653.",ملابس,1111.8,طنطا,1155549653
116.0,"تيشيرت H&M أوفر سايز - لون أحمر, بحالة ممتازة","تيشيرت H&M أوفر سايز - لون أحمر, بحالة ممتازة. السعر: 1309.54 جنيه. للمعاينة في المنصورة. للتواصل: 01199517978.",ملابس,1309.54,المنصورة,1199517978
211.0,"هودي Defacto مبطن - لون أبيض, جديد","هودي Defacto مبطن - لون أبيض, جديد. السعر: 485.47 جنيه. للمعاينة في أسيوط. للتواصل: 01252348761.",ملابس,485.47,أسيوط,1252348761
381.0,"هودي H&M صوف - لون أحمر, استعمال خفيف","هودي H&M صوف - لون أحمر, استعمال خفيف. السعر: 238.08 جنيه. للمعاينة في الجيزة. للتواصل: 01218661516.",ملابس,238.08,الجيزة,1218661516
467.0,"هودي Zara ميلتون - لون بيج, استعمال خفيف","هودي Zara ميلتون - لون بيج, استعمال خفيف. السعر: 1539.87 جنيه. للمعاينة في القاهرة. للتواصل: 01238827905.",ملابس,1539.87,القاهرة,1238827905
352.0,"هودي Defacto صوف - لون رمادي, بحالة ممتازة","هودي Defacto صوف - لون رمادي, بحالة ممتازة. السعر: 2026.99 جنيه. للمعاينة في القاهرة. للتواصل: 01262373040.",ملابس,2026.99,القاهرة,1262373040
391.0,"تيشيرت Defacto أوفر سايز - لون أخضر, جديد","تيشيرت Defacto أوفر سايز - لون أخضر, جديد. السعر: 2076.91 جنيه. للمعاينة في المنصورة. للتواصل: 01083701625.",ملابس,2076.91,المنصورة,1083701625
279.0,"تيشيرت Adidas قطن - لون أخضر, استعمال خفيف","تيشيرت Adidas قطن - لون أخضر, استعمال خفيف. السعر: 250.04 جنيه. للمعاينة في الجيزة. للتواصل: 01173704363.",ملابس,250.04,الجيزة,1173704363
372.0,"هودي Nike قطن - لون أبيض, بحالة ممتازة","هودي Nike قطن - لون أبيض, بحالة ممتازة. السعر: 2033.92 جنيه. للمعاينة في أسيوط. للتواصل: 01233890509.",ملابس,2033.92,أسيوط,1233890509
163.0,"تيشيرت LC Waikiki بولو - لون رمادي, استعمال خفيف","تيشيرت LC Waikiki بولو - لون رمادي, استعمال خفيف. السعر: 2056.63 جنيه. للمعاينة في طنطا. للتواصل: 01286662259.",ملابس,2056.63,طنطا,1286662259
161.0,"تيشيرت Defacto قطن - لون أسود, بحالة ممتازة","تيشيرت Defacto قطن - لون أسود, بحالة ممتازة. السعر: 1784.57 جنيه. للمعاينة في طنطا. للتواصل: 01029931797.",ملابس,1784.57,طنطا,1029931797
374.0,"تيشيرت Defacto رياضي - لون أزرق, بحالة ممتازة","تيشيرت Defacto رياضي - لون أزرق, بحالة ممتازة. السعر: 1240.38 جنيه. للمعاينة في القاهرة. للتواصل: 01128744099.",ملابس,1240.38,القاهرة,1128744099
468.0,"هودي Defacto مبطن - لون رمادي, جديد","هودي Defacto مبطن - لون رمادي, جديد. السعر: 1552.35 جنيه. للمعاينة في الأقصر. للتواصل: 01197602835.",ملابس,1552.35,الأقصر,1197602835
324.0,"بنطلون H&M جينز - لون أسود, استعمال خفيف","بنطلون H&M جينز - لون أسود, استعمال خفيف. السعر: 1705.15 جنيه. للمعاينة في أسيوط. للتواصل: 01038675969.",ملابس,1705.15,أسيوط,1038675969
406.0,"بنطلون Puma جبردين - لون رمادي, استعمال خفيف","بنطلون Puma جبردين - لون رمادي, استعمال خفيف. السعر: 2394.79 جنيه. للمعاينة في أسيوط. للتواصل: 01097339202.",ملابس,2394.79,أسيوط,1097339202
401.0,"تيشيرت Zara بولو - لون بيج, استعمال خفيف","تيشيرت Zara بولو - لون بيج, استعمال خفيف. السعر: 2098.38 جنيه. للمعاينة في الجيزة. للتواصل: 01247544164.",ملابس,2098.38,الجيزة,1247544164
308.0,"هودي Defacto صوف - لون أسود, جديد","هودي Defacto صوف - لون أسود, جديد. السعر: 635.87 جنيه. للمعاينة في الجيزة. للتواصل: 01247481297.",ملابس,635.87,الجيزة,1247481297
441.0,"هودي Nike قطن - لون رمادي, بحالة ممتازة","هودي Nike قطن - لون رمادي, بحالة ممتازة. السعر: 1066.82 جنيه. للمعاينة في القاهرة. للتواصل: 01027037994.",ملابس,1066.82,القاهرة,1027037994
81.0,موبايل Samsung Galaxy S24 للبيع,موبايل Samsung Galaxy S24 للبيع - مستعمل بحالة ممتازة. السعر: 113123.27 جنيه. للتواصل: 01177937089. المكان: الأقصر.,موبايلات,113123.27,الأقصر,1177937089
115.0,"تيشيرت Puma بولو - لون بيج, استعمال خفيف","تيشيرت Puma بولو - لون بيج, استعمال خفيف. السعر: 768.48 جنيه. للمعاينة في أسيوط. للتواصل: 01074459405.",ملابس,768.48,أسيوط,1074459405
240.0,"هودي Nike مبطن - لون أسود, بحالة ممتازة","هودي Nike مبطن - لون أسود, بحالة ممتازة. السعر: 899.88 جنيه. للمعاينة في طنطا. للتواصل: 01059770222.",ملابس,899.88,طنطا,1059770222
18.0,موبايل Apple iPhone 15 Pro Max للبيع,موبايل Apple iPhone 15 Pro Max للبيع - يحتاج تغيير بطارية. السعر: 48608.89 جنيه. للتواصل: 01259471058. المكان: أسيوط.,موبايلات,48608.89,أسيوط,1259471058
110.0,"بنطلون H&M جينز - لون أبيض, استعمال خفيف","بنطلون H&M جينز - لون أبيض, استعمال خفيف. السعر: 1201.33 جنيه. للمعاينة في الجيزة. للتواصل: 01275535140.",ملابس,1201.33,الجيزة,1275535140
397.0,"بنطلون Puma جينز - لون أخضر, بحالة ممتازة","بنطلون Puma جينز - لون أخضر, بحالة ممتازة. السعر: 1346.73 جنيه. للمعاينة في الأقصر. للتواصل: 01246543410.",ملابس,1346.73,الأقصر,1246543410
99.0,موبايل Samsung Galaxy S24 للبيع,موبايل Samsung Galaxy S24 للبيع - مستعمل خفيف. السعر: 70652.1 جنيه. للتواصل: 01293268465. المكان: الجيزة.,موبايلات,70652.1,الجيزة,1293268465
219.0,"بنطلون Defacto جينز - لون أحمر, استعمال خفيف","بنطلون Defacto جينز - لون أحمر, استعمال خفيف. السعر: 1577.61 جنيه. للمعاينة في طنطا. للتواصل: 01288018023.",ملابس,1577.61,طنطا,1288018023
414.0,"هودي LC Waikiki قطن - لون أخضر, استعمال خفيف","هودي LC Waikiki قطن - لون أخضر, استعمال خفيف. السعر: 989.57 جنيه. للمعاينة في المنصورة. للتواصل: 01279106555.",ملابس,989.57,المنصورة,1279106555
4.0,💻 لابتوب ديل Inspiron 15 للبيع - مثالي للعمل والدر...,💻 لابتوب ديل Inspiron 15 للبيع - مثالي للعمل والدراسة!  ⚡ المواصفات: • معالج Intel Core i5 الجيل العاشر • ذاكرة عشوائية 8 جيجا DDR4 • قرص صلب SSD 256 جيجا • شاشة 15.6 بوصة Full HD • كارت شاشة Intel UHD  💲 السعر: 12 000 جنيه 📍 الموقع: الجيزة - المهندسين 📞 اتصل بنا: 01077889900,إلكترونيات,12000.0,الجيزة - المهندسين,1077889900
334.0,"هودي Zara مبطن - لون أبيض, بحالة ممتازة","هودي Zara مبطن - لون أبيض, بحالة ممتازة. السعر: 2276.57 جنيه. للمعاينة في أسيوط. للتواصل: 01096082086.",ملابس,2276.57,أسيوط,1096082086
439.0,"بنطلون Defacto قماش - لون أخضر, بحالة ممتازة","بنطلون Defacto قماش - لون أخضر, بحالة ممتازة. السعر: 602.71 جنيه. للمعاينة في الجيزة. للتواصل: 01024799481.",ملابس,602.71,الجيزة,1024799481
47.0,موبايل Xiaomi Poco F6 للبيع,موبايل Xiaomi Poco F6 للبيع - جديد بالعلبة. السعر: 91386.56 جنيه. للتواصل: 01090164893. المكان: المنصورة.,موبايلات,91386.56,المنصورة,1090164893
435.0,"تيشيرت Adidas أوفر سايز - لون أزرق, بحالة ممتازة","تيشيرت Adidas أوفر سايز - لون أزرق, بحالة ممتازة. السعر: 402.19 جنيه. للمعاينة في المنصورة. للتواصل: 01083463149.",ملابس,402.19,المنصورة,1083463149
146.0,"هودي Nike مبطن - لون أزرق, استعمال خفيف","هودي Nike مبطن - لون أزرق, استعمال خفيف. السعر: 2056.07 جنيه. للمعاينة في طنطا. للتواصل: 01165544435.",ملابس,2056.07,طنطا,1165544435
165.0,"هودي Nike قطن - لون أخضر, جديد","هودي Nike قطن - لون أخضر, جديد. السعر: 730.83 جنيه. للمعاينة في طنطا. للتواصل: 01157256759.",ملابس,730.83,طنطا,1157256759
3.0,🏠 شقة مفروشة للإيجار في المعادي - إطلالة رائعة!  🌟...,🏠 شقة مفروشة للإيجار في المعادي - إطلالة رائعة!  🌟 التفاصيل: • 3 غرف نوم + 2 حمام • مساحة 150 متر مربع • الدور الخامس - أسانسير • مفروشة بالكامل • قريبة من المترو والخدمات  💰 الإيجار: 8 000 جنيه شهرياً 📍 الموقع: المعادي - شارع 9 ☎️ للتواصل: 01155443322,عقارات,8000.0,المعادي - شارع 9,1155443322
316.0,"تيشيرت Nike قطن - لون أزرق, جديد","تيشيرت Nike قطن - لون أزرق, جديد. السعر: 690.89 جنيه. للمعاينة في طنطا. للتواصل: 01221282668.",ملابس,690.89,طنطا,1221282668
387.0,"هودي Defacto صوف - لون بيج, جديد","هودي Defacto صوف - لون بيج, جديد. السعر: 1329.0 جنيه. للمعاينة في الإسكندرية. للتواصل: 01278181111.",ملابس,1329.0,الإسكندرية,1278181111
399.0,"هودي Defacto مبطن - لون أخضر, جديد","هودي Defacto مبطن - لون أخضر, جديد. السعر: 1150.78 جنيه. للمعاينة في الجيزة. للتواصل: 01086150758.",ملابس,1150.78,الجيزة,1086150758
54.0,موبايل Realme Realme 12 Pro+ للبيع,موبايل Realme Realme 12 Pro+ للبيع - مستعمل بحالة ممتازة. السعر: 43544.18 جنيه. للتواصل: 01168767086. المكان: أسيوط.,موبايلات,43544.18,أسيوط,1168767086
217.0,"بنطلون Defacto جينز - لون بيج, بحالة ممتازة","بنطلون Defacto جينز - لون بيج, بحالة ممتازة. السعر: 170.41 جنيه. للمعاينة في الجيزة. للتواصل: 01237868494.",ملابس,170.41,الجيزة,1237868494
100.0,موبايل Xiaomi Redmi Note 13 للبيع,موبايل Xiaomi Redmi Note 13 للبيع - مستعمل خفيف. السعر: 37591.83 جنيه. للتواصل: 01148546832. المكان: المنصورة.,موبايلات,37591.83,المنصورة,1148546832
452.0,"تيشيرت LC Waikiki بولو - لون أزرق, جديد","تيشيرت LC Waikiki بولو - لون أزرق, جديد. السعر: 1106.59 جنيه. للمعاينة في طنطا. للتواصل: 01033565841.",ملابس,1106.59,طنطا,1033565841
198.0,"بنطلون Adidas جبردين - لون أحمر, بحالة ممتازة","بنطلون Adidas جبردين - لون أحمر, بحالة ممتازة. السعر: 1538.94 جنيه. للمعاينة في طنطا. للتواصل: 01143175886.",ملابس,1538.94,طنطا,1143175886
395.0,"هودي Puma قطن - لون أزرق, استعمال خفيف","هودي Puma قطن - لون أزرق, استعمال خفيف. السعر: 2489.83 جنيه. للمعاينة في القاهرة. للتواصل: 01253998307.",ملابس,2489.83,القاهرة,1253998307
250.0,"بنطلون Puma رياضي - لون بيج, بحالة ممتازة","بنطلون Puma رياضي - لون بيج, بحالة ممتازة. السعر: 602.32 جنيه. للمعاينة في أسيوط. للتواصل: 01161975650.",ملابس,602.32,أسيوط,1161975650
362.0,"بنطلون Puma قماش - لون أزرق, بحالة ممتازة","بنطلون Puma قماش - لون أزرق, بحالة ممتازة. السعر: 1371.9 جنيه. للمعاينة في الإسكندرية. للتواصل: 01122323707.",ملابس,1371.9,الإسكندرية,1122323707
460.0,"تيشيرت Nike رياضي - لون أحمر, استعمال خفيف","تيشيرت Nike رياضي - لون أحمر, استعمال خفيف. السعر: 1862.65 جنيه. للمعاينة في طنطا. للتواصل: 01090391129.",ملابس,1862.65,طنطا,1090391129
222.0,"تيشيرت H&M بولو - لون أخضر, استعمال خفيف","تيشيرت H&M بولو - لون أخضر, استعمال خفيف. السعر: 412.41 جنيه. للمعاينة في أسيوط. للتواصل: 01179163716.",ملابس,412.41,أسيوط,1179163716
92.0,موبايل Apple iPhone 15 Pro Max للبيع,موبايل Apple iPhone 15 Pro Max للبيع - جديد بالعلبة. السعر: 5577.56 جنيه. للتواصل: 01247847422. المكان: أسيوط.,موبايلات,5577.56,أسيوط,1247847422
127.0,"بنطلون LC Waikiki قماش - لون بيج, استعمال خفيف","بنطلون LC Waikiki قماش - لون بيج, استعمال خفيف. السعر: 2293.48 جنيه. للمعاينة في القاهرة. للتواصل: 01152952060.",ملابس,2293.48,القاهرة,1152952060
331.0,"بنطلون Puma جبردين - لون أزرق, استعمال خفيف","بنطلون Puma جبردين - لون أزرق, استعمال خفيف. السعر: 1939.86 جنيه. للمعاينة في الجيزة. للتواصل: 01056036229.",ملابس,1939.86,الجيزة,1056036229
242.0,"هودي LC Waikiki مبطن - لون أبيض, جديد","هودي LC Waikiki مبطن - لون أبيض, جديد. السعر: 2303.71 جنيه. للمعاينة في الإسكندرية. للتواصل: 01192114157.",ملابس,2303.71,الإسكندرية,1192114157
45.0,موبايل Xiaomi Redmi 12 للبيع,موبايل Xiaomi Redmi 12 للبيع - مستعمل خفيف. السعر: 101690.18 جنيه. للتواصل: 01164807601. المكان: الجيزة.,موبايلات,101690.18,الجيزة,1164807601
472.0,"هودي Puma صوف - لون أبيض, استعمال خفيف","هودي Puma صوف - لون أبيض, استعمال خفيف. السعر: 1331.28 جنيه. للمعاينة في الجيزة. للتواصل: 01091726486.",ملابس,1331.28,الجيزة,1091726486
479.0,"بنطلون H&M قماش - لون أحمر, جديد","بنطلون H&M قماش - لون أحمر, جديد. السعر: 1569.57 جنيه. للمعاينة في الأقصر. للتواصل: 01144296260.",ملابس,1569.57,الأقصر,1144296260
412.0,"هودي Defacto ميلتون - لون أزرق, استعمال خفيف","هودي Defacto ميلتون - لون أزرق, استعمال خفيف. السعر: 1159.47 جنيه. للمعاينة في طنطا. للتواصل: 01091968687.",ملابس,1159.47,طنطا,1091968687
108.0,"هودي H&M مبطن - لون أحمر, بحالة ممتازة","هودي H&M مبطن - لون أحمر, بحالة ممتازة. السعر: 561.46 جنيه. للمعاينة في أسيوط. للتواصل: 01173559145.",ملابس,561.46,أسيوط,1173559145
66.0,موبايل Xiaomi Redmi Note 13 للبيع,موبايل Xiaomi Redmi Note 13 للبيع - يحتاج تغيير بطارية. السعر: 12976.53 جنيه. للتواصل: 01067565012. المكان: الجيزة.,موبايلات,12976.53,الجيزة,1067565012
212.0,"تيشيرت Puma أوفر سايز - لون أخضر, جديد","تيشيرت Puma أوفر سايز - لون أخضر, جديد. السعر: 2287.4 جنيه. للمعاينة في الجيزة. للتواصل: 01027221911.",ملابس,2287.4,الجيزة,1027221911
187.0,"تيشيرت Adidas رياضي - لون رمادي, جديد","تيشيرت Adidas رياضي - لون رمادي, جديد. السعر: 1801.87 جنيه. للمعاينة في الأقصر. للتواصل: 01291006465.",ملابس,1801.87,الأقصر,1291006465
89.0,موبايل Oppo Reno 10 للبيع,موبايل Oppo Reno 10 للبيع - مستعمل بحالة ممتازة. السعر: 15964.19 جنيه. للتواصل: 01274988271. المكان: الأقصر.,موبايلات,15964.19,الأقصر,1274988271
119.0,"هودي Puma صوف - لون بيج, بحالة ممتازة","هودي Puma صوف - لون بيج, بحالة ممتازة. السعر: 1809.43 جنيه. للمعاينة في الجيزة. للتواصل: 01152088585.",ملابس,1809.43,الجيزة,1152088585
14.0,موبايل Realme Realme 12 Pro+ للبيع,موبايل Realme Realme 12 Pro+ للبيع - يحتاج تغيير بطارية. السعر: 11534.8 جنيه. للتواصل: 01242055328. المكان: المنصورة.,موبايلات,11534.8,المنصورة,1242055328
40.0,موبايل Apple iPhone 15 للبيع,موبايل Apple iPhone 15 للبيع - جديد بالعلبة. السعر: 88679.02 جنيه. للتواصل: 01124700048. المكان: الأقصر.,موبايلات,88679.02,الأقصر,1124700048
136.0,"هودي LC Waikiki قطن - لون أبيض, جديد","هودي LC Waikiki قطن - لون أبيض, جديد. السعر: 1396.52 جنيه. للمعاينة في الإسكندرية. للتواصل: 01033332500.",ملابس,1396.52,الإسكندرية,1033332500
75.0,موبايل Samsung Galaxy S24 للبيع,موبايل Samsung Galaxy S24 للبيع - مستعمل بحالة ممتازة. السعر: 21990.62 جنيه. للتواصل: 01174515475. المكان: الجيزة.,موبايلات,21990.62,الجيزة,1174515475
259.0,"بنطلون Adidas رياضي - لون بيج, بحالة ممتازة","بنطلون Adidas رياضي - لون بيج, بحالة ممتازة. السعر: 2309.92 جنيه. للمعاينة في القاهرة. للتواصل: 01232145666.",ملابس,2309.92,القاهرة,1232145666
357.0,"هودي Nike مبطن - لون رمادي, بحالة ممتازة","هودي Nike مبطن - لون رمادي, بحالة ممتازة. السعر: 1211.25 جنيه. للمعاينة في القاهرة. للتواصل: 01114419527.",ملابس,1211.25,القاهرة,1114419527
417.0,"تيشيرت Puma أوفر سايز - لون أخضر, استعمال خفيف","تيشيرت Puma أوفر سايز - لون أخضر, استعمال خفيف. السعر: 189.43 جنيه. للمعاينة في المنصورة. للتواصل: 01060139548.",ملابس,189.43,المنصورة,1060139548
384.0,"هودي Adidas مبطن - لون بيج, استعمال خفيف","هودي Adidas مبطن - لون بيج, استعمال خفيف. السعر: 1606.67 جنيه. للمعاينة في القاهرة. للتواصل: 01236842861.",ملابس,1606.67,القاهرة,1236842861
339.0,"تيشيرت H&M قطن - لون أسود, استعمال خفيف","تيشيرت H&M قطن - لون أسود, استعمال خفيف. السعر: 2444.99 جنيه. للمعاينة في المنصورة. للتواصل: 01021102164.",ملابس,2444.99,المنصورة,1021102164
201.0,"بنطلون Puma جبردين - لون أحمر, جديد","بنطلون Puma جبردين - لون أحمر, جديد. السعر: 2278.3 جنيه. للمعاينة في أسيوط. للتواصل: 01221070238.",ملابس,2278.3,أسيوط,1221070238
31.0,موبايل Samsung Galaxy Z Fold 5 للبيع,موبايل Samsung Galaxy Z Fold 5 للبيع - يحتاج تغيير بطارية. السعر: 7861.65 جنيه. للتواصل: 01286507231. المكان: القاهرة.,موبايلات,7861.65,القاهرة,1286507231
480.0,"بنطلون Defacto جبردين - لون أبيض, جديد","بنطلون Defacto جبردين - لون أبيض, جديد. السعر: 1523.88 جنيه. للمعاينة في الأقصر. للتواصل: 01050821521.",ملابس,1523.88,الأقصر,1050821521
310.0,"تيشيرت H&M بولو - لون أسود, استعمال خفيف","تيشيرت H&M بولو - لون أسود, استعمال خفيف. السعر: 1621.3 جنيه. للمعاينة في الجيزة. للتواصل: 01294821539.",ملابس,1621.3,الجيزة,1294821539
142.0,"هودي H&M صوف - لون أزرق, استعمال خفيف","هودي H&M صوف - لون أزرق, استعمال خفيف. السعر: 2498.8 جنيه. للمعاينة في الأقصر. للتواصل: 01251105788.",ملابس,2498.8,الأقصر,1251105788
495.0,"تيشيرت LC Waikiki رياضي - لون رمادي, جديد","تيشيرت LC Waikiki رياضي - لون رمادي, جديد. السعر: 1049.36 جنيه. للمعاينة في طنطا. للتواصل: 01082500565.",ملابس,1049.36,طنطا,1082500565
52.0,موبايل Realme C55 للبيع,موبايل Realme C55 للبيع - مستعمل خفيف. السعر: 32980.63 جنيه. للتواصل: 01147611398. المكان: الجيزة.,موبايلات,32980.63,الجيزة,1147611398
404.0,"بنطلون LC Waikiki جبردين - لون بيج, بحالة ممتازة","بنطلون LC Waikiki جبردين - لون بيج, بحالة ممتازة. السعر: 1111.88 جنيه. للمعاينة في طنطا. للتواصل: 01258892085.",ملابس,1111.88,طنطا,1258892085
84.0,موبايل Oppo A78 للبيع,موبايل Oppo A78 للبيع - جديد بالعلبة. السعر: 107927.84 جنيه. للتواصل: 01218724195. المكان: الإسكندرية.,موبايلات,107927.84,الإسكندرية,1218724195
465.0,"هودي Defacto صوف - لون أزرق, استعمال خفيف","هودي Defacto صوف - لون أزرق, استعمال خفيف. السعر: 337.85 جنيه. للمعاينة في القاهرة. للتواصل: 01213031590.",ملابس,337.85,القاهرة,1213031590
461.0,"هودي Zara ميلتون - لون بيج, جديد","هودي Zara ميلتون - لون بيج, جديد. السعر: 2240.26 جنيه. للمعاينة في المنصورة. للتواصل: 01076658323.",ملابس,2240.26,المنصورة,1076658323
493.0,"هودي Defacto قطن - لون بيج, بحالة ممتازة","هودي Defacto قطن - لون بيج, بحالة ممتازة. السعر: 838.03 جنيه. للمعاينة في الجيزة. للتواصل: 01293462296.",ملابس,838.03,الجيزة,1293462296
138.0,"هودي Adidas صوف - لون بيج, جديد","هودي Adidas صوف - لون بيج, جديد. السعر: 2108.13 جنيه. للمعاينة في طنطا. للتواصل: 01155352906.",ملابس,2108.13,طنطا,1155352906
436.0,"هودي LC Waikiki قطن - لون أزرق, بحالة ممتازة","هودي LC Waikiki قطن - لون أزرق, بحالة ممتازة. السعر: 951.77 جنيه. للمعاينة في أسيوط. للتواصل: 01196909075.",ملابس,951.77,أسيوط,1196909075
276.0,"بنطلون LC Waikiki رياضي - لون بيج, جديد","بنطلون LC Waikiki رياضي - لون بيج, جديد. السعر: 1353.19 جنيه. للمعاينة في القاهرة. للتواصل: 01091934086.",ملابس,1353.19,القاهرة,1091934086
260.0,"تيشيرت LC Waikiki رياضي - لون أخضر, بحالة ممتازة","تيشيرت LC Waikiki رياضي - لون أخضر, بحالة ممتازة. السعر: 926.95 جنيه. للمعاينة في الأقصر. للتواصل: 01232718007.",ملابس,926.95,الأقصر,1232718007
27.0,موبايل Samsung Galaxy S24 للبيع,موبايل Samsung Galaxy S24 للبيع - يحتاج تغيير بطارية. السعر: 78717.92 جنيه. للتواصل: 01123618705. المكان: الجيزة.,موبايلات,78717.92,الجيزة,1123618705
443.0,"بنطلون Zara قماش - لون أزرق, استعمال خفيف","بنطلون Zara قماش - لون أزرق, استعمال خفيف. السعر: 676.06 جنيه. للمعاينة في الأقصر. للتواصل: 01255419001.",ملابس,676.06,الأقصر,1255419001
504.0,"تيشيرت LC Waikiki أوفر سايز - لون أزرق, استعمال خفيف","تيشيرت LC Waikiki أوفر سايز - لون أزرق, استعمال خفيف. السعر: 1624.67 جنيه. للمعاينة في الجيزة. للتواصل: 01055639349.",ملابس,1624.67,الجيزة,1055639349
229.0,"بنطلون Adidas جينز - لون أحمر, جديد","بنطلون Adidas جينز - لون أحمر, جديد. السعر: 900.84 جنيه. للمعاينة في الجيزة. للتواصل: 01183260627.",ملابس,900.84,الجيزة,1183260627
43.0,موبايل Oppo A78 للبيع,موبايل Oppo A78 للبيع - مستعمل بحالة ممتازة. السعر: 8959.8 جنيه. للتواصل: 01023947359. المكان: المنصورة.,موبايلات,8959.8,المنصورة,1023947359
209.0,"هودي Adidas قطن - لون أسود, استعمال خفيف","هودي Adidas قطن - لون أسود, استعمال خفيف. السعر: 1828.62 جنيه. للمعاينة في المنصورة. للتواصل: 01061136408.",ملابس,1828.62,المنصورة,1061136408
60.0,موبايل Apple iPhone SE للبيع,موبايل Apple iPhone SE للبيع - مستعمل خفيف. السعر: 16330.82 جنيه. للتواصل: 01123589621. المكان: طنطا.,موبايلات,16330.82,طنطا,1123589621
415.0,"هودي Zara صوف - لون أزرق, استعمال خفيف","هودي Zara صوف - لون أزرق, استعمال خفيف. السعر: 1317.61 جنيه. للمعاينة في المنصورة. للتواصل: 01099296720.",ملابس,1317.61,المنصورة,1099296720
295.0,"هودي H&M ميلتون - لون أخضر, استعمال خفيف","هودي H&M ميلتون - لون أخضر, استعمال خفيف. السعر: 2141.56 جنيه. للمعاينة في أسيوط. للتواصل: 01071261488.",ملابس,2141.56,أسيوط,1071261488
354.0,"بنطلون Adidas جبردين - لون أحمر, جديد","بنطلون Adidas جبردين - لون أحمر, جديد. السعر: 1231.67 جنيه. للمعاينة في أسيوط. للتواصل: 01262312393.",ملابس,1231.67,أسيوط,1262312393
193.0,"تيشيرت Adidas رياضي - لون رمادي, جديد","تيشيرت Adidas رياضي - لون رمادي, جديد. السعر: 950.38 جنيه. للمعاينة في الجيزة. للتواصل: 01043994032.",ملابس,950.38,الجيزة,1043994032
483.0,"بنطلون Zara رياضي - لون أحمر, استعمال خفيف","بنطلون Zara رياضي - لون أحمر, استعمال خفيف. السعر: 2341.67 جنيه. للمعاينة في القاهرة. للتواصل: 01170745344.",ملابس,2341.67,القاهرة,1170745344
214.0,"هودي Zara صوف - لون أزرق, جديد","هودي Zara صوف - لون أزرق, جديد. السعر: 2160.18 جنيه. للمعاينة في الجيزة. للتواصل: 01287260277.",ملابس,2160.18,الجيزة,1287260277
490.0,"بنطلون H&M جبردين - لون أسود, استعمال خفيف","بنطلون H&M جبردين - لون أسود, استعمال خفيف. السعر: 2337.1 جنيه. للمعاينة في أسيوط. للتواصل: 01219921067.",ملابس,2337.1,أسيوط,1219921067
175.0,"بنطلون Defacto قماش - لون أزرق, بحالة ممتازة","بنطلون Defacto قماش - لون أزرق, بحالة ممتازة. السعر: 1273.49 جنيه. للمعاينة في أسيوط. للتواصل: 01139392066.",ملابس,1273.49,أسيوط,1139392066
218.0,"تيشيرت Adidas أوفر سايز - لون رمادي, استعمال خفيف","تيشيرت Adidas أوفر سايز - لون رمادي, استعمال خفيف. السعر: 1478.89 جنيه. للمعاينة في المنصورة. للتواصل: 01276978870.",ملابس,1478.89,المنصورة,1276978870
402.0,"تيشيرت Zara قطن - لون رمادي, جديد","تيشيرت Zara قطن - لون رمادي, جديد. السعر: 1523.39 جنيه. للمعاينة في الأقصر. للتواصل: 01263335627.",ملابس,1523.39,الأقصر,1263335627
494.0,"تيشيرت LC Waikiki أوفر سايز - لون أخضر, استعمال خفيف","تيشيرت LC Waikiki أوفر سايز - لون أخضر, استعمال خفيف. السعر: 2275.41 جنيه. للمعاينة في طنطا. للتواصل: 01022558675.",ملابس,2275.41,طنطا,1022558675
59.0,موبايل Samsung Galaxy Z Fold 5 للبيع,موبايل Samsung Galaxy Z Fold 5 للبيع - جديد بالعلبة. السعر: 99963.82 جنيه. للتواصل: 01095245232. المكان: المنصورة.,موبايلات,99963.82,المنصورة,1095245232
8.0,موبايل Oppo A78 للبيع,موبايل Oppo A78 للبيع - جديد بالعلبة. السعر: 95765.14 جنيه. للتواصل: 01250800845. المكان: المنصورة.,موبايلات,95765.14,المنصورة,1250800845
315.0,"تيشيرت H&M أوفر سايز - لون رمادي, جديد","تيشيرت H&M أوفر سايز - لون رمادي, جديد. السعر: 800.98 جنيه. للمعاينة في الجيزة. للتواصل: 01078125878.",ملابس,800.98,الجيزة,1078125878
162.0,"بنطلون H&M جبردين - لون أحمر, استعمال خفيف","بنطلون H&M جبردين - لون أحمر, استعمال خفيف. السعر: 292.17 جنيه. للمعاينة في المنصورة. للتواصل: 01176666823.",ملابس,292.17,المنصورة,1176666823
33.0,موبايل Apple iPhone 15 للبيع,موبايل Apple iPhone 15 للبيع - جديد بالعلبة. السعر: 48938.1 جنيه. للتواصل: 01124072332. المكان: القاهرة.,موبايلات,48938.1,القاهرة,1124072332
77.0,موبايل Xiaomi Redmi 12 للبيع,موبايل Xiaomi Redmi 12 للبيع - مستعمل خفيف. السعر: 100978.01 جنيه. للتواصل: 01243984106. المكان: المنصورة.,موبايلات,100978.01,المنصورة,1243984106
24.0,موبايل Realme Realme 12 Pro+ للبيع,موبايل Realme Realme 12 Pro+ للبيع - يحتاج تغيير بطارية. السعر: 114242.98 جنيه. للتواصل: 01124481313. المكان: القاهرة.,موبايلات,114242.98,القاهرة,1124481313
336.0,"هودي Adidas مبطن - لون أسود, جديد","هودي Adidas مبطن - لون أسود, جديد. السعر: 1032.13 جنيه. للمعاينة في الإسكندرية. للتواصل: 01022217885.",ملابس,1032.13,الإسكندرية,1022217885
464.0,"بنطلون H&M جينز - لون أحمر, بحالة ممتازة","بنطلون H&M جينز - لون أحمر, بحالة ممتازة. السعر: 876.09 جنيه. للمعاينة في الإسكندرية. للتواصل: 01292502077.",ملابس,876.09,الإسكندرية,1292502077
287.0,"بنطلون Puma قماش - لون أسود, بحالة ممتازة","بنطلون Puma قماش - لون أسود, بحالة ممتازة. السعر: 727.33 جنيه. للمعاينة في طنطا. للتواصل: 01081649900.",ملابس,727.33,طنطا,1081649900
449.0,"تيشيرت H&M أوفر سايز - لون أسود, جديد","تيشيرت H&M أوفر سايز - لون أسود, جديد. السعر: 338.01 جنيه. للمعاينة في أسيوط. للتواصل: 01030037561.",ملابس,338.01,أسيوط,1030037561
307.0,"هودي Puma قطن - لون رمادي, استعمال خفيف","هودي Puma قطن - لون رمادي, استعمال خفيف. السعر: 2283.46 جنيه. للمعاينة في القاهرة. للتواصل: 01030882480.",ملابس,2283.46,القاهرة,1030882480
46.0,موبايل Samsung Galaxy A55 للبيع,موبايل Samsung Galaxy A55 للبيع - جديد بالعلبة. السعر: 31977.97 جنيه. للتواصل: 01112346856. المكان: الجيزة.,موبايلات,31977.97,الجيزة,1112346856
291.0,"تيشيرت Adidas بولو - لون رمادي, بحالة ممتازة","تيشيرت Adidas بولو - لون رمادي, بحالة ممتازة. السعر: 1518.82 جنيه. للمعاينة في طنطا. للتواصل: 01241556229.",ملابس,1518.82,طنطا,1241556229
183.0,"هودي Puma صوف - لون أخضر, استعمال خفيف","هودي Puma صوف - لون أخضر, استعمال خفيف. السعر: 1083.91 جنيه. للمعاينة في الأقصر. للتواصل: 01021277716.",ملابس,1083.91,الأقصر,1021277716
418.0,"تيشيرت LC Waikiki رياضي - لون أسود, استعمال خفيف","تيشيرت LC Waikiki رياضي - لون أسود, استعمال خفيف. السعر: 503.21 جنيه. للمعاينة في الجيزة. للتواصل: 01166526791.",ملابس,503.21,الجيزة,1166526791
271.0,"هودي H&M مبطن - لون بيج, جديد","هودي H&M مبطن - لون بيج, جديد. السعر: 1856.6 جنيه. للمعاينة في الإسكندرية. للتواصل: 01042611196.",ملابس,1856.6,الإسكندرية,1042611196
49.0,موبايل Apple iPhone 15 للبيع,موبايل Apple iPhone 15 للبيع - مستعمل خفيف. السعر: 4189.85 جنيه. للتواصل: 01263822812. المكان: القاهرة.,موبايلات,4189.85,القاهرة,1263822812
78.0,موبايل Oppo A78 للبيع,موبايل Oppo A78 للبيع - مستعمل بحالة ممتازة. السعر: 46816.02 جنيه. للتواصل: 01113188235. المكان: المنصورة.,موبايلات,46816.02,المنصورة,1113188235
274.0,"بنطلون Adidas رياضي - لون أبيض, بحالة ممتازة","بنطلون Adidas رياضي - لون أبيض, بحالة ممتازة. السعر: 937.06 جنيه. للمعاينة في طنطا. للتواصل: 01090338781.",ملابس,937.06,طنطا,1090338781
428.0,"هودي Defacto صوف - لون أخضر, جديد","هودي Defacto صوف - لون أخضر, جديد. السعر: 1066.37 جنيه. للمعاينة في الجيزة. للتواصل: 01134736624.",ملابس,1066.37,الجيزة,1134736624
338.0,"تيشيرت Puma أوفر سايز - لون أخضر, جديد","تيشيرت Puma أوفر سايز - لون أخضر, جديد. السعر: 959.52 جنيه. للمعاينة في طنطا. للتواصل: 01019531554.",ملابس,959.52,طنطا,1019531554
281.0,"تيشيرت H&M قطن - لون أحمر, بحالة ممتازة","تيشيرت H&M قطن - لون أحمر, بحالة ممتازة. السعر: 1783.23 جنيه. للمعاينة في الأقصر. للتواصل: 01032903112.",ملابس,1783.23,الأقصر,1032903112
249.0,"هودي Puma قطن - لون أزرق, جديد","هودي Puma قطن - لون أزرق, جديد. السعر: 430.68 جنيه. للمعاينة في الأقصر. للتواصل: 01118481319.",ملابس,430.68,الأقصر,1118481319
349.0,"بنطلون H&M رياضي - لون أحمر, بحالة ممتازة","بنطلون H&M رياضي - لون أحمر, بحالة ممتازة. السعر: 1641.15 جنيه. للمعاينة في الجيزة. للتواصل: 01217744758.",ملابس,1641.15,الجيزة,1217744758
103.0,موبايل Realme Realme 12 Pro+ للبيع,موبايل Realme Realme 12 Pro+ للبيع - جديد بالعلبة. السعر: 50589.96 جنيه. للتواصل: 01276593027. المكان: أسيوط.,موبايلات,50589.96,أسيوط,1276593027
232.0,"هودي Zara صوف - لون بيج, بحالة ممتازة","هودي Zara صوف - لون بيج, بحالة ممتازة. السعر: 1688.06 جنيه. للمعاينة في الإسكندرية. للتواصل: 01142974943.",ملابس,1688.06,الإسكندرية,1142974943
70.0,موبايل Apple iPhone 15 Pro Max للبيع,موبايل Apple iPhone 15 Pro Max للبيع - مستعمل خفيف. السعر: 8319.6 جنيه. للتواصل: 01076910292. المكان: الجيزة.,موبايلات,8319.6,الجيزة,1076910292
254.0,"بنطلون LC Waikiki رياضي - لون أزرق, جديد","بنطلون LC Waikiki رياضي - لون أزرق, جديد. السعر: 2168.42 جنيه. للمعاينة في الإسكندرية. للتواصل: 01111005323.",ملابس,2168.42,الإسكندرية,1111005323
360.0,"بنطلون Defacto رياضي - لون أبيض, جديد","بنطلون Defacto رياضي - لون أبيض, جديد. السعر: 217.52 جنيه. للمعاينة في الأقصر. للتواصل: 01235595093.",ملابس,217.52,الأقصر,1235595093
261.0,"هودي H&M ميلتون - لون أخضر, استعمال خفيف","هودي H&M ميلتون - لون أخضر, استعمال خفيف. السعر: 1417.31 جنيه. للمعاينة في الأقصر. للتواصل: 01045591800.",ملابس,1417.31,الأقصر,1045591800
375.0,"بنطلون Puma جبردين - لون أبيض, جديد","بنطلون Puma جبردين - لون أبيض, جديد. السعر: 577.24 جنيه. للمعاينة في الأقصر. للتواصل: 01194006722.",ملابس,577.24,الأقصر,1194006722
272.0,"بنطلون Adidas جينز - لون أخضر, استعمال خفيف","بنطلون Adidas جينز - لون أخضر, استعمال خفيف. السعر: 2131.62 جنيه. للمعاينة في الإسكندرية. للتواصل: 01128972963.",ملابس,2131.62,الإسكندرية,1128972963
35.0,موبايل Samsung Galaxy S24 للبيع,موبايل Samsung Galaxy S24 للبيع - جديد بالعلبة. السعر: 103209.3 جنيه. للتواصل: 01157969184. المكان: الإسكندرية.,موبايلات,103209.3,الإسكندرية,1157969184
159.0,"تيشيرت Zara بولو - لون أسود, جديد","تيشيرت Zara بولو - لون أسود, جديد. السعر: 1087.43 جنيه. للمعاينة في الجيزة. للتواصل: 01052723357.",ملابس,1087.43,الجيزة,1052723357
320.0,"تيشيرت H&M رياضي - لون أسود, جديد","تيشيرت H&M رياضي - لون أسود, جديد. السعر: 1805.32 جنيه. للمعاينة في الجيزة. للتواصل: 01249416877.",ملابس,1805.32,الجيزة,1249416877
243.0,"بنطلون LC Waikiki رياضي - لون أبيض, استعمال خفيف","بنطلون LC Waikiki رياضي - لون أبيض, استعمال خفيف. السعر: 1344.76 جنيه. للمعاينة في طنطا. للتواصل: 01153467586.",ملابس,1344.76,طنطا,1153467586
335.0,"هودي Defacto صوف - لون بيج, بحالة ممتازة","هودي Defacto صوف - لون بيج, بحالة ممتازة. السعر: 711.43 جنيه. للمعاينة في المنصورة. للتواصل: 01180393698.",ملابس,711.43,المنصورة,1180393698
408.0,"تيشيرت H&M رياضي - لون أحمر, جديد","تيشيرت H&M رياضي - لون أحمر, جديد. السعر: 221.71 جنيه. للمعاينة في أسيوط. للتواصل: 01059274736.",ملابس,221.71,أسيوط,1059274736
318.0,"تيشيرت LC Waikiki أوفر سايز - لون أزرق, جديد","تيشيرت LC Waikiki أوفر سايز - لون أزرق, جديد. السعر: 1297.58 جنيه. للمعاينة في المنصورة. للتواصل: 01273090811.",ملابس,1297.58,المنصورة,1273090811
350.0,"تيشيرت Nike بولو - لون أزرق, استعمال خفيف","تيشيرت Nike بولو - لون أزرق, استعمال خفيف. السعر: 2320.07 جنيه. للمعاينة في القاهرة. للتواصل: 01034431650.",ملابس,2320.07,القاهرة,1034431650
458.0,"تيشيرت Adidas بولو - لون أخضر, بحالة ممتازة","تيشيرت Adidas بولو - لون أخضر, بحالة ممتازة. السعر: 2087.63 جنيه. للمعاينة في الأقصر. للتواصل: 01126870724.",ملابس,2087.63,الأقصر,1126870724
204.0,"تيشيرت LC Waikiki بولو - لون أحمر, استعمال خفيف","تيشيرت LC Waikiki بولو - لون أحمر, استعمال خفيف. السعر: 2255.56 جنيه. للمعاينة في الأقصر. للتواصل: 01248955940.",ملابس,2255.56,الأقصر,1248955940
300.0,"بنطلون Zara جينز - لون بيج, جديد","بنطلون Zara جينز - لون بيج, جديد. السعر: 416.91 جنيه. للمعاينة في المنصورة. للتواصل: 01180653681.",ملابس,416.91,المنصورة,1180653681
462.0,"هودي Adidas صوف - لون بيج, استعمال خفيف","هودي Adidas صوف - لون بيج, استعمال خفيف. السعر: 550.29 جنيه. للمعاينة في الإسكندرية. للتواصل: 01269726848.",ملابس,550.29,الإسكندرية,1269726848
93.0,موبايل Realme C55 للبيع,موبايل Realme C55 للبيع - مستعمل خفيف. السعر: 90116.32 جنيه. للتواصل: 01188722634. المكان: أسيوط.,موبايلات,90116.32,أسيوط,1188722634
140.0,"بنطلون Adidas رياضي - لون أبيض, بحالة ممتازة","بنطلون Adidas رياضي - لون أبيض, بحالة ممتازة. السعر: 888.42 جنيه. للمعاينة في الإسكندرية. للتواصل: 01085029232.",ملابس,888.42,الإسكندرية,1085029232
157.0,"هودي H&M ميلتون - لون أزرق, جديد","هودي H&M ميلتون - لون أزرق, جديد. السعر: 1259.43 جنيه. للمعاينة في المنصورة. للتواصل: 01081476873.",ملابس,1259.43,المنصورة,1081476873
370.0,"تيشيرت Nike بولو - لون أبيض, استعمال خفيف","تيشيرت Nike بولو - لون أبيض, استعمال خفيف. السعر: 454.33 جنيه. للمعاينة في الإسكندرية. للتواصل: 01055620121.",ملابس,454.33,الإسكندرية,1055620121
48.0,موبايل Xiaomi Redmi Note 13 للبيع,موبايل Xiaomi Redmi Note 13 للبيع - مستعمل بحالة ممتازة. السعر: 15384.05 جنيه. للتواصل: 01192493997. المكان: الأقصر.,موبايلات,15384.05,الأقصر,1192493997
164.0,"هودي Adidas ميلتون - لون رمادي, بحالة ممتازة","هودي Adidas ميلتون - لون رمادي, بحالة ممتازة. السعر: 1761.19 جنيه. للمعاينة في الأقصر. للتواصل: 01029971941.",ملابس,1761.19,الأقصر,1029971941
181.0,"بنطلون Adidas رياضي - لون أخضر, جديد","بنطلون Adidas رياضي - لون أخضر, جديد. السعر: 2065.53 جنيه. للمعاينة في المنصورة. للتواصل: 01227016724.",ملابس,2065.53,المنصورة,1227016724
371.0,"هودي Zara قطن - لون أخضر, استعمال خفيف","هودي Zara قطن - لون أخضر, استعمال خفيف. السعر: 222.91 جنيه. للمعاينة في أسيوط. للتواصل: 01047741893.",ملابس,222.91,أسيوط,1047741893
125.0,"هودي Defacto مبطن - لون أبيض, بحالة ممتازة","هودي Defacto مبطن - لون أبيض, بحالة ممتازة. السعر: 1840.39 جنيه. للمعاينة في القاهرة. للتواصل: 01163368509.",ملابس,1840.39,القاهرة,1163368509
226.0,"بنطلون Puma جبردين - لون أبيض, استعمال خفيف","بنطلون Puma جبردين - لون أبيض, استعمال خفيف. السعر: 1246.59 جنيه. للمعاينة في المنصورة. للتواصل: 01159943378.",ملابس,1246.59,المنصورة,1159943378
1.0,📱 موبايل سامسونج جالاكسي S23 للبيع - حالة ممتازة  ...,📱 موبايل سامسونج جالاكسي S23 للبيع - حالة ممتازة  ✨ المواصفات: • شاشة 6.1 بوصة Dynamic AMOLED • معالج Snapdragon 8 Gen 2 • ذاكرة 256 جيجا • كاميرا 50 ميجابكسل • بطارية 3900 مللي أمبير  💰 السعر: 15000 جنيه (قابل للتفاوض) 📍 الموقع: القاهرة - مدينة نصر 📞 للتواصل: 01012345678,إلكترونيات,15000.0,القاهرة - مدينة نصر,1012345678
188.0,"تيشيرت Nike رياضي - لون أحمر, استعمال خفيف","تيشيرت Nike رياضي - لون أحمر, استعمال خفيف. السعر: 941.81 جنيه. للمعاينة في المنصورة. للتواصل: 01146096552.",ملابس,941.81,المنصورة,1146096552
202.0,"هودي H&M مبطن - لون أزرق, بحالة ممتازة","هودي H&M مبطن - لون أزرق, بحالة ممتازة. السعر: 1377.88 جنيه. للمعاينة في الأقصر. للتواصل: 01159030831.",ملابس,1377.88,الأقصر,1159030831
373.0,"تيشيرت Zara رياضي - لون أبيض, بحالة ممتازة","تيشيرت Zara رياضي - لون أبيض, بحالة ممتازة. السعر: 1493.44 جنيه. للمعاينة في الأقصر. للتواصل: 01256765443.",ملابس,1493.44,الأقصر,1256765443
215.0,"تيشيرت H&M رياضي - لون رمادي, بحالة ممتازة","تيشيرت H&M رياضي - لون رمادي, بحالة ممتازة. السعر: 2101.55 جنيه. للمعاينة في طنطا. للتواصل: 01214824348.",ملابس,2101.55,طنطا,1214824348
322.0,"بنطلون LC Waikiki قماش - لون بيج, جديد","بنطلون LC Waikiki قماش - لون بيج, جديد. السعر: 1764.96 جنيه. للمعاينة في طنطا. للتواصل: 01113841114.",ملابس,1764.96,طنطا,1113841114
126.0,"هودي LC Waikiki ميلتون - لون أبيض, جديد","هودي LC Waikiki ميلتون - لون أبيض, جديد. السعر: 2172.89 جنيه. للمعاينة في الإسكندرية. للتواصل: 01020940044.",ملابس,2172.89,الإسكندرية,1020940044
82.0,موبايل Apple iPhone SE للبيع,موبايل Apple iPhone SE للبيع - يحتاج تغيير بطارية. السعر: 33079.28 جنيه. للتواصل: 01157208270. المكان: الجيزة.,موبايلات,33079.28,الجيزة,1157208270
247.0,"بنطلون Puma جينز - لون أسود, استعمال خفيف","بنطلون Puma جينز - لون أسود, استعمال خفيف. السعر: 235.23 جنيه. للمعاينة في طنطا. للتواصل: 01295601079.",ملابس,235.23,طنطا,1295601079
172.0,"بنطلون Nike جينز - لون بيج, استعمال خفيف","بنطلون Nike جينز - لون بيج, استعمال خفيف. السعر: 2190.35 جنيه. للمعاينة في الأقصر. للتواصل: 01134386634.",ملابس,2190.35,الأقصر,1134386634
200.0,"تيشيرت Defacto رياضي - لون أخضر, جديد","تيشيرت Defacto رياضي - لون أخضر, جديد. السعر: 340.79 جنيه. للمعاينة في الإسكندرية. للتواصل: 01215524511.",ملابس,340.79,الإسكندرية,1215524511
340.0,"هودي Zara مبطن - لون رمادي, جديد","هودي Zara مبطن - لون رمادي, جديد. السعر: 2102.96 جنيه. للمعاينة في طنطا. للتواصل: 01029224226.",ملابس,2102.96,طنطا,1029224226
185.0,"بنطلون Defacto رياضي - لون أحمر, استعمال خفيف","بنطلون Defacto رياضي - لون أحمر, استعمال خفيف. السعر: 582.3 جنيه. للمعاينة في طنطا. للتواصل: 01139802819.",ملابس,582.3,طنطا,1139802819
12.0,موبايل Apple iPhone SE للبيع,موبايل Apple iPhone SE للبيع - مستعمل خفيف. السعر: 99149.88 جنيه. للتواصل: 01046378544. المكان: الإسكندرية.,موبايلات,99149.88,الإسكندرية,1046378544
487.0,"بنطلون LC Waikiki جينز - لون بيج, بحالة ممتازة","بنطلون LC Waikiki جينز - لون بيج, بحالة ممتازة. السعر: 2403.2 جنيه. للمعاينة في الجيزة. للتواصل: 01288237810.",ملابس,2403.2,الجيزة,1288237810
326.0,"هودي LC Waikiki صوف - لون بيج, بحالة ممتازة","هودي LC Waikiki صوف - لون بيج, بحالة ممتازة. السعر: 1688.53 جنيه. للمعاينة في المنصورة. للتواصل: 01081372126.",ملابس,1688.53,المنصورة,1081372126
147.0,"هودي Defacto مبطن - لون أبيض, بحالة ممتازة","هودي Defacto مبطن - لون أبيض, بحالة ممتازة. السعر: 1623.24 جنيه. للمعاينة في الإسكندرية. للتواصل: 01089629108.",ملابس,1623.24,الإسكندرية,1089629108
25.0,موبايل Xiaomi Xiaomi 14 للبيع,موبايل Xiaomi Xiaomi 14 للبيع - يحتاج تغيير بطارية. السعر: 17660.84 جنيه. للتواصل: 01069773622. المكان: الأقصر.,موبايلات,17660.84,الأقصر,1069773622
155.0,"بنطلون Nike قماش - لون أسود, جديد","بنطلون Nike قماش - لون أسود, جديد. السعر: 2216.01 جنيه. للمعاينة في المنصورة. للتواصل: 01022067202.",ملابس,2216.01,المنصورة,1022067202
294.0,"تيشيرت Zara أوفر سايز - لون رمادي, استعمال خفيف","تيشيرت Zara أوفر سايز - لون رمادي, استعمال خفيف. السعر: 1537.74 جنيه. للمعاينة في الأقصر. للتواصل: 01169916785.",ملابس,1537.74,الأقصر,1169916785
309.0,"هودي LC Waikiki قطن - لون أزرق, جديد","هودي LC Waikiki قطن - لون أزرق, جديد. السعر: 1511.41 جنيه. للمعاينة في القاهرة. للتواصل: 01297201310.",ملابس,1511.41,القاهرة,1297201310
388.0,"هودي Nike ميلتون - لون رمادي, استعمال خفيف","هودي Nike ميلتون - لون رمادي, استعمال خفيف. السعر: 2386.1 جنيه. للمعاينة في الأقصر. للتواصل: 01253856472.",ملابس,2386.1,الأقصر,1253856472
88.0,موبايل Xiaomi Redmi 12 للبيع,موبايل Xiaomi Redmi 12 للبيع - مستعمل خفيف. السعر: 89716.29 جنيه. للتواصل: 01161947948. المكان: طنطا.,موبايلات,89716.29,طنطا,1161947948
430.0,"تيشيرت Puma رياضي - لون بيج, جديد","تيشيرت Puma رياضي - لون بيج, جديد. السعر: 1247.81 جنيه. للمعاينة في الأقصر. للتواصل: 01057061946.",ملابس,1247.81,الأقصر,1057061946
177.0,"تيشيرت Defacto رياضي - لون أحمر, جديد","تيشيرت Defacto رياضي - لون أحمر, جديد. السعر: 739.23 جنيه. للمعاينة في أسيوط. للتواصل: 01036851667.",ملابس,739.23,أسيوط,1036851667
225.0,"تيشيرت Adidas بولو - لون أبيض, استعمال خفيف","تيشيرت Adidas بولو - لون أبيض, استعمال خفيف. السعر: 682.74 جنيه. للمعاينة في الجيزة. للتواصل: 01026183364.",ملابس,682.74,الجيزة,1026183364
230.0,"تيشيرت Adidas قطن - لون أسود, جديد","تيشيرت Adidas قطن - لون أسود, جديد. السعر: 1673.2 جنيه. للمعاينة في الإسكندرية. للتواصل: 01130953626.",ملابس,1673.2,الإسكندرية,1130953626
10.0,موبايل Oppo Reno 11 للبيع,موبايل Oppo Reno 11 للبيع - يحتاج تغيير بطارية. السعر: 99045.04 جنيه. للتواصل: 01269798911. المكان: الأقصر.,موبايلات,99045.04,الأقصر,1269798911
358.0,"بنطلون Puma جينز - لون أحمر, بحالة ممتازة","بنطلون Puma جينز - لون أحمر, بحالة ممتازة. السعر: 480.95 جنيه. للمعاينة في الأقصر. للتواصل: 01259238648.",ملابس,480.95,الأقصر,1259238648
474.0,"تيشيرت H&M أوفر سايز - لون أحمر, بحالة ممتازة","تيشيرت H&M أوفر سايز - لون أحمر, بحالة ممتازة. السعر: 2133.54 جنيه. للمعاينة في المنصورة. للتواصل: 01141194624.",ملابس,2133.54,المنصورة,1141194624
486.0,"تيشيرت H&M أوفر سايز - لون أبيض, بحالة ممتازة","تيشيرت H&M أوفر سايز - لون أبيض, بحالة ممتازة. السعر: 1568.91 جنيه. للمعاينة في الأقصر. للتواصل: 01194425322.",ملابس,1568.91,الأقصر,1194425322
114.0,"هودي Adidas ميلتون - لون أبيض, استعمال خفيف","هودي Adidas ميلتون - لون أبيض, استعمال خفيف. السعر: 280.59 جنيه. للمعاينة في الأقصر. للتواصل: 01190354002.",ملابس,280.59,الأقصر,1190354002
253.0,"هودي Defacto قطن - لون أبيض, جديد","هودي Defacto قطن - لون أبيض, جديد. السعر: 1535.2 جنيه. للمعاينة في القاهرة. للتواصل: 01210753773.",ملابس,1535.2,القاهرة,1210753773
498.0,"تيشيرت Zara بولو - لون أحمر, بحالة ممتازة","تيشيرت Zara بولو - لون أحمر, بحالة ممتازة. السعر: 2272.01 جنيه. للمعاينة في المنصورة. للتواصل: 01033309581.",ملابس,2272.01,المنصورة,1033309581
238.0,"بنطلون Nike جينز - لون أسود, استعمال خفيف","بنطلون Nike جينز - لون أسود, استعمال خفيف. السعر: 293.62 جنيه. للمعاينة في الجيزة. للتواصل: 01053696995.",ملابس,293.62,الجيزة,1053696995
87.0,موبايل Samsung Galaxy S23 Ultra للبيع,موبايل Samsung Galaxy S23 Ultra للبيع - يحتاج تغيير بطارية. السعر: 77853.32 جنيه. للتواصل: 01055398981. المكان: الأقصر.,موبايلات,77853.32,الأقصر,1055398981
305.0,"بنطلون Nike قماش - لون رمادي, استعمال خفيف","بنطلون Nike قماش - لون رمادي, استعمال خفيف. السعر: 736.81 جنيه. للمعاينة في طنطا. للتواصل: 01025822001.",ملابس,736.81,طنطا,1025822001
76.0,موبايل Xiaomi Redmi Note 13 للبيع,موبايل Xiaomi Redmi Note 13 للبيع - يحتاج تغيير بطارية. السعر: 6307.64 جنيه. للتواصل: 01033298098. المكان: الأقصر.,موبايلات,6307.64,الأقصر,1033298098
74.0,موبايل Samsung Galaxy S24 للبيع,موبايل Samsung Galaxy S24 للبيع - مستعمل بحالة ممتازة. السعر: 98298.28 جنيه. للتواصل: 01077039779. المكان: الجيزة.,موبايلات,98298.28,الجيزة,1077039779
145.0,"هودي Adidas صوف - لون أسود, بحالة ممتازة","هودي Adidas صوف - لون أسود, بحالة ممتازة. السعر: 1862.19 جنيه. للمعاينة في الإسكندرية. للتواصل: 01012304090.",ملابس,1862.19,الإسكندرية,1012304090
21.0,موبايل Xiaomi Redmi Note 13 للبيع,موبايل Xiaomi Redmi Note 13 للبيع - مستعمل بحالة ممتازة. السعر: 28174.63 جنيه. للتواصل: 01276748706. المكان: الجيزة.,موبايلات,28174.63,الجيزة,1276748706
98.0,موبايل Xiaomi Redmi Note 13 للبيع,موبايل Xiaomi Redmi Note 13 للبيع - يحتاج تغيير بطارية. السعر: 73055.8 جنيه. للتواصل: 01194737197. المكان: الجيزة.,موبايلات,73055.8,الجيزة,1194737197
26.0,موبايل Samsung Galaxy S24 للبيع,موبايل Samsung Galaxy S24 للبيع - مستعمل خفيف. السعر: 48002.42 جنيه. للتواصل: 01225822333. المكان: الإسكندرية.,موبايلات,48002.42,الإسكندرية,1225822333
38.0,موبايل Realme GT Neo 6 للبيع,موبايل Realme GT Neo 6 للبيع - مستعمل خفيف. السعر: 32344.67 جنيه. للتواصل: 01226568665. المكان: طنطا.,موبايلات,32344.67,طنطا,1226568665
448.0,"تيشيرت Defacto قطن - لون أخضر, استعمال خفيف","تيشيرت Defacto قطن - لون أخضر, استعمال خفيف. السعر: 1718.04 جنيه. للمعاينة في الأقصر. للتواصل: 01254879075.",ملابس,1718.04,الأقصر,1254879075
466.0,"تيشيرت LC Waikiki رياضي - لون أحمر, استعمال خفيف","تيشيرت LC Waikiki رياضي - لون أحمر, استعمال خفيف. السعر: 1594.18 جنيه. للمعاينة في طنطا. للتواصل: 01010566699.",ملابس,1594.18,طنطا,1010566699
454.0,"هودي H&M مبطن - لون أبيض, بحالة ممتازة","هودي H&M مبطن - لون أبيض, بحالة ممتازة. السعر: 785.58 جنيه. للمعاينة في الإسكندرية. للتواصل: 01261003660.",ملابس,785.58,الإسكندرية,1261003660
451.0,"بنطلون Nike رياضي - لون بيج, بحالة ممتازة","بنطلون Nike رياضي - لون بيج, بحالة ممتازة. السعر: 1597.47 جنيه. للمعاينة في الإسكندرية. للتواصل: 01181092858.",ملابس,1597.47,الإسكندرية,1181092858
344.0,"تيشيرت LC Waikiki رياضي - لون أزرق, بحالة ممتازة","تيشيرت LC Waikiki رياضي - لون أزرق, بحالة ممتازة. السعر: 918.79 جنيه. للمعاينة في طنطا. للتواصل: 01232465574.",ملابس,918.79,طنطا,1232465574
91.0,موبايل Oppo A78 للبيع,موبايل Oppo A78 للبيع - يحتاج تغيير بطارية. السعر: 1005.79 جنيه. للتواصل: 01177942343. المكان: الإسكندرية.,موبايلات,1005.79,الإسكندرية,1177942343
122.0,"تيشيرت Adidas رياضي - لون رمادي, بحالة ممتازة","تيشيرت Adidas رياضي - لون رمادي, بحالة ممتازة. السعر: 1890.58 جنيه. للمعاينة في طنطا. للتواصل: 01115594630.",ملابس,1890.58,طنطا,1115594630
398.0,"هودي LC Waikiki ميلتون - لون أحمر, جديد","هودي LC Waikiki ميلتون - لون أحمر, جديد. السعر: 2172.55 جنيه. للمعاينة في الأقصر. للتواصل: 01015145329.",ملابس,2172.55,الأقصر,1015145329
257.0,"تيشيرت Adidas أوفر سايز - لون أزرق, بحالة ممتازة","تيشيرت Adidas أوفر سايز - لون أزرق, بحالة ممتازة. السعر: 2115.23 جنيه. للمعاينة في الإسكندرية. للتواصل: 01241190075.",ملابس,2115.23,الإسكندرية,1241190075
444.0,"هودي Adidas قطن - لون أخضر, بحالة ممتازة","هودي Adidas قطن - لون أخضر, بحالة ممتازة. السعر: 1195.74 جنيه. للمعاينة في الأقصر. للتواصل: 01157940516.",ملابس,1195.74,الأقصر,1157940516
109.0,"هودي Puma قطن - لون أخضر, جديد","هودي Puma قطن - لون أخضر, جديد. السعر: 2026.81 جنيه. للمعاينة في الإسكندرية. للتواصل: 01271396476.",ملابس,2026.81,الإسكندرية,1271396476
15.0,موبايل Samsung Galaxy S23 Ultra للبيع,موبايل Samsung Galaxy S23 Ultra للبيع - جديد بالعلبة. السعر: 32701.2 جنيه. للتواصل: 01198674990. المكان: أسيوط.,موبايلات,32701.2,أسيوط,1198674990
107.0,"بنطلون LC Waikiki رياضي - لون بيج, استعمال خفيف","بنطلون LC Waikiki رياضي - لون بيج, استعمال خفيف. السعر: 1159.88 جنيه. للمعاينة في طنطا. للتواصل: 01051001477.",ملابس,1159.88,طنطا,1051001477
141.0,"هودي LC Waikiki قطن - لون أحمر, جديد","هودي LC Waikiki قطن - لون أحمر, جديد. السعر: 2073.49 جنيه. للمعاينة في الإسكندرية. للتواصل: 01069274692.",ملابس,2073.49,الإسكندرية,1069274692
442.0,"هودي Zara صوف - لون أخضر, جديد","هودي Zara صوف - لون أخضر, جديد. السعر: 845.37 جنيه. للمعاينة في الإسكندرية. للتواصل: 01033728219.",ملابس,845.37,الإسكندرية,1033728219
17.0,موبايل Samsung Galaxy A55 للبيع,موبايل Samsung Galaxy A55 للبيع - يحتاج تغيير بطارية. السعر: 63027.84 جنيه. للتواصل: 01042872325. المكان: الجيزة.,موبايلات,63027.84,الجيزة,1042872325
85.0,موبايل Xiaomi Poco F6 للبيع,موبايل Xiaomi Poco F6 للبيع - مستعمل بحالة ممتازة. السعر: 21970.3 جنيه. للتواصل: 01158257794. المكان: الجيزة.,موبايلات,21970.3,الجيزة,1158257794
275.0,"تيشيرت Defacto أوفر سايز - لون أبيض, جديد","تيشيرت Defacto أوفر سايز - لون أبيض, جديد. السعر: 1882.36 جنيه. للمعاينة في المنصورة. للتواصل: 01044962630.",ملابس,1882.36,المنصورة,1044962630
327.0,"هودي Adidas قطن - لون أزرق, استعمال خفيف","هودي Adidas قطن - لون أزرق, استعمال خفيف. السعر: 442.17 جنيه. للمعاينة في الأقصر. للتواصل: 01173228080.",ملابس,442.17,الأقصر,1173228080
267.0,"بنطلون Defacto جبردين - لون أخضر, بحالة ممتازة","بنطلون Defacto جبردين - لون أخضر, بحالة ممتازة. السعر: 1623.69 جنيه. للمعاينة في المنصورة. للتواصل: 01137071649.",ملابس,1623.69,المنصورة,1137071649
148.0,"بنطلون LC Waikiki قماش - لون أبيض, استعمال خفيف","بنطلون LC Waikiki قماش - لون أبيض, استعمال خفيف. السعر: 2413.58 جنيه. للمعاينة في الإسكندرية. للتواصل: 01159798397.",ملابس,2413.58,الإسكندرية,1159798397
30.0,موبايل Samsung Galaxy S23 Ultra للبيع,موبايل Samsung Galaxy S23 Ultra للبيع - مستعمل بحالة ممتازة. السعر: 83465.03 جنيه. للتواصل: 01242749103. المكان: القاهرة.,موبايلات,83465.03,القاهرة,1242749103
426.0,"بنطلون Adidas جينز - لون رمادي, جديد","بنطلون Adidas جينز - لون رمادي, جديد. السعر: 1722.71 جنيه. للمعاينة في الأقصر. للتواصل: 01068617724.",ملابس,1722.71,الأقصر,1068617724
106.0,"بنطلون Defacto جينز - لون أحمر, جديد","بنطلون Defacto جينز - لون أحمر, جديد. السعر: 439.75 جنيه. للمعاينة في القاهرة. للتواصل: 01195863102.",ملابس,439.75,القاهرة,1195863102
152.0,"هودي H&M ميلتون - لون أخضر, بحالة ممتازة","هودي H&M ميلتون - لون أخضر, بحالة ممتازة. السعر: 2049.21 جنيه. للمعاينة في الجيزة. للتواصل: 01172752315.",ملابس,2049.21,الجيزة,1172752315
431.0,"بنطلون Adidas جينز - لون أسود, بحالة ممتازة","بنطلون Adidas جينز - لون أسود, بحالة ممتازة. السعر: 2455.65 جنيه. للمعاينة في أسيوط. للتواصل: 01283353807.",ملابس,2455.65,أسيوط,1283353807
130.0,"تيشيرت Zara أوفر سايز - لون رمادي, جديد","تيشيرت Zara أوفر سايز - لون رمادي, جديد. السعر: 2489.54 جنيه. للمعاينة في الجيزة. للتواصل: 01098373509.",ملابس,2489.54,الجيزة,1098373509
407.0,"تيشيرت Zara رياضي - لون أسود, بحالة ممتازة","تيشيرت Zara رياضي - لون أسود, بحالة ممتازة. السعر: 246.55 جنيه. للمعاينة في الجيزة. للتواصل: 01039700995.",ملابس,246.55,الجيزة,1039700995
96.0,موبايل Xiaomi Redmi Note 13 للبيع,موبايل Xiaomi Redmi Note 13 للبيع - يحتاج تغيير بطارية. السعر: 22212.23 جنيه. للتواصل: 01139124901. المكان: الإسكندرية.,موبايلات,22212.23,الإسكندرية,1139124901
378.0,"تيشيرت Adidas قطن - لون بيج, بحالة ممتازة","تيشيرت Adidas قطن - لون بيج, بحالة ممتازة. السعر: 2490.31 جنيه. للمعاينة في المنصورة. للتواصل: 01112081445.",ملابس,2490.31,المنصورة,1112081445
144.0,"تيشيرت Adidas رياضي - لون أزرق, جديد","تيشيرت Adidas رياضي - لون أزرق, جديد. السعر: 420.99 جنيه. للمعاينة في الجيزة. للتواصل: 01090433237.",ملابس,420.99,الجيزة,1090433237
179.0,"هودي Nike قطن - لون أحمر, استعمال خفيف","هودي Nike قطن - لون أحمر, استعمال خفيف. السعر: 880.91 جنيه. للمعاينة في أسيوط. للتواصل: 01139140328.",ملابس,880.91,أسيوط,1139140328
380.0,"هودي Nike ميلتون - لون رمادي, جديد","هودي Nike ميلتون - لون رمادي, جديد. السعر: 820.8 جنيه. للمعاينة في القاهرة. للتواصل: 01196346204.",ملابس,820.8,القاهرة,1196346204
382.0,"تيشيرت Adidas بولو - لون بيج, استعمال خفيف","تيشيرت Adidas بولو - لون بيج, استعمال خفيف. السعر: 1618.46 جنيه. للمعاينة في الجيزة. للتواصل: 01217189444.",ملابس,1618.46,الجيزة,1217189444
101.0,موبايل Samsung Galaxy A55 للبيع,موبايل Samsung Galaxy A55 للبيع - يحتاج تغيير بطارية. السعر: 57949.52 جنيه. للتواصل: 01228557128. المكان: طنطا.,موبايلات,57949.52,طنطا,1228557128
129.0,"تيشيرت Nike قطن - لون رمادي, جديد","تيشيرت Nike قطن - لون رمادي, جديد. السعر: 867.74 جنيه. للمعاينة في الأقصر. للتواصل: 01132972572.",ملابس,867.74,الأقصر,1132972572
174.0,"بنطلون Zara رياضي - لون أبيض, جديد","بنطلون Zara رياضي - لون أبيض, جديد. السعر: 724.37 جنيه. للمعاينة في الإسكندرية. للتواصل: 01096020520.",ملابس,724.37,الإسكندرية,1096020520
63.0,موبايل Samsung Galaxy S24 للبيع,موبايل Samsung Galaxy S24 للبيع - مستعمل بحالة ممتازة. السعر: 7023.9 جنيه. للتواصل: 01239432871. المكان: الأقصر.,موبايلات,7023.9,الأقصر,1239432871
409.0,"تيشيرت H&M أوفر سايز - لون أحمر, بحالة ممتازة","تيشيرت H&M أوفر سايز - لون أحمر, بحالة ممتازة. السعر: 1161.37 جنيه. للمعاينة في أسيوط. للتواصل: 01249610386.",ملابس,1161.37,أسيوط,1249610386
168.0,"تيشيرت H&M أوفر سايز - لون أسود, بحالة ممتازة","تيشيرت H&M أوفر سايز - لون أسود, بحالة ممتازة. السعر: 1170.85 جنيه. للمعاينة في الجيزة. للتواصل: 01186664437.",ملابس,1170.85,الجيزة,1186664437
118.0,"هودي Defacto مبطن - لون أسود, جديد","هودي Defacto مبطن - لون أسود, جديد. السعر: 1059.23 جنيه. للمعاينة في الجيزة. للتواصل: 01168741475.",ملابس,1059.23,الجيزة,1168741475
477.0,"تيشيرت Nike أوفر سايز - لون أحمر, استعمال خفيف","تيشيرت Nike أوفر سايز - لون أحمر, استعمال خفيف. السعر: 2458.63 جنيه. للمعاينة في الأقصر. للتواصل: 01264835576.",ملابس,2458.63,الأقصر,1264835576
446.0,"بنطلون H&M جينز - لون رمادي, جديد","بنطلون H&M جينز - لون رمادي, جديد. السعر: 1456.84 جنيه. للمعاينة في الجيزة. للتواصل: 01136182120.",ملابس,1456.84,الجيزة,1136182120
97.0,موبايل Xiaomi Redmi Note 13 للبيع,موبايل Xiaomi Redmi Note 13 للبيع - مستعمل خفيف. السعر: 108664.7 جنيه. للتواصل: 01127741921. المكان: طنطا.,موبايلات,108664.7,طنطا,1127741921
365.0,"بنطلون Nike رياضي - لون أسود, بحالة ممتازة","بنطلون Nike رياضي - لون أسود, بحالة ممتازة. السعر: 1097.96 جنيه. للمعاينة في أسيوط. للتواصل: 01060002989.",ملابس,1097.96,أسيوط,1060002989
312.0,"هودي H&M صوف - لون أخضر, استعمال خفيف","هودي H&M صوف - لون أخضر, استعمال خفيف. السعر: 1463.49 جنيه. للمعاينة في الإسكندرية. للتواصل: 01155432626.",ملابس,1463.49,الإسكندرية,1155432626
317.0,"هودي H&M ميلتون - لون أحمر, جديد","هودي H&M ميلتون - لون أحمر, جديد. السعر: 493.68 جنيه. للمعاينة في الجيزة. للتواصل: 01268565633.",ملابس,493.68,الجيزة,1268565633
296.0,"تيشيرت H&M قطن - لون أسود, بحالة ممتازة","تيشيرت H&M قطن - لون أسود, بحالة ممتازة. السعر: 1605.44 جنيه. للمعاينة في الجيزة. للتواصل: 01266690481.",ملابس,1605.44,الجيزة,1266690481
303.0,"تيشيرت Zara رياضي - لون بيج, بحالة ممتازة","تيشيرت Zara رياضي - لون بيج, بحالة ممتازة. السعر: 2102.91 جنيه. للمعاينة في طنطا. للتواصل: 01067978425.",ملابس,2102.91,طنطا,1067978425
363.0,"تيشيرت Zara رياضي - لون رمادي, بحالة ممتازة","تيشيرت Zara رياضي - لون رمادي, بحالة ممتازة. السعر: 222.29 جنيه. للمعاينة في أسيوط. للتواصل: 01099800234.",ملابس,222.29,أسيوط,1099800234
128.0,"بنطلون LC Waikiki جبردين - لون أبيض, جديد","بنطلون LC Waikiki جبردين - لون أبيض, جديد. السعر: 1042.13 جنيه. للمعاينة في الأقصر. للتواصل: 01261730777.",ملابس,1042.13,الأقصر,1261730777
325.0,"تيشيرت LC Waikiki أوفر سايز - لون أبيض, جديد","تيشيرت LC Waikiki أوفر سايز - لون أبيض, جديد. السعر: 1009.84 جنيه. للمعاينة في طنطا. للتواصل: 01288692567.",ملابس,1009.84,طنطا,1288692567
284.0,"هودي Zara ميلتون - لون رمادي, بحالة ممتازة","هودي Zara ميلتون - لون رمادي, بحالة ممتازة. السعر: 2231.56 جنيه. للمعاينة في الإسكندرية. للتواصل: 01166807415.",ملابس,2231.56,الإسكندرية,1166807415
345.0,"بنطلون Nike رياضي - لون أسود, استعمال خفيف","بنطلون Nike رياضي - لون أسود, استعمال خفيف. السعر: 1770.93 جنيه. للمعاينة في المنصورة. للتواصل: 01037160928.",ملابس,1770.93,المنصورة,1037160928
258.0,"تيشيرت Zara قطن - لون رمادي, بحالة ممتازة","تيشيرت Zara قطن - لون رمادي, بحالة ممتازة. السعر: 162.21 جنيه. للمعاينة في الأقصر. للتواصل: 01068501715.",ملابس,162.21,الأقصر,1068501715
244.0,"تيشيرت Puma رياضي - لون رمادي, استعمال خفيف","تيشيرت Puma رياضي - لون رمادي, استعمال خفيف. السعر: 2449.08 جنيه. للمعاينة في الجيزة. للتواصل: 01120009721.",ملابس,2449.08,الجيزة,1120009721
302.0,"تيشيرت LC Waikiki رياضي - لون أبيض, بحالة ممتازة","تيشيرت LC Waikiki رياضي - لون أبيض, بحالة ممتازة. السعر: 2316.17 جنيه. للمعاينة في الجيزة. للتواصل: 01291109512.",ملابس,2316.17,الجيزة,1291109512
311.0,"هودي Defacto مبطن - لون أخضر, بحالة ممتازة","هودي Defacto مبطن - لون أخضر, بحالة ممتازة. السعر: 717.23 جنيه. للمعاينة في القاهرة. للتواصل: 01263524589.",ملابس,717.23,القاهرة,1263524589
488.0,"بنطلون H&M جينز - لون أخضر, جديد","بنطلون H&M جينز - لون أخضر, جديد. السعر: 1699.61 جنيه. للمعاينة في المنصورة. للتواصل: 01087038408.",ملابس,1699.61,المنصورة,1087038408
496.0,"هودي Adidas صوف - لون رمادي, بحالة ممتازة","هودي Adidas صوف - لون رمادي, بحالة ممتازة. السعر: 549.71 جنيه. للمعاينة في المنصورة. للتواصل: 01138679215.",ملابس,549.71,المنصورة,1138679215
423.0,"بنطلون Nike جينز - لون بيج, جديد","بنطلون Nike جينز - لون بيج, جديد. السعر: 2259.78 جنيه. للمعاينة في المنصورة. للتواصل: 01168989053.",ملابس,2259.78,المنصورة,1168989053
223.0,"بنطلون LC Waikiki قماش - لون بيج, استعمال خفيف","بنطلون LC Waikiki قماش - لون بيج, استعمال خفيف. السعر: 1527.24 جنيه. للمعاينة في القاهرة. للتواصل: 01046649817.",ملابس,1527.24,القاهرة,1046649817
169.0,"تيشيرت H&M رياضي - لون بيج, بحالة ممتازة","تيشيرت H&M رياضي - لون بيج, بحالة ممتازة. السعر: 481.42 جنيه. للمعاينة في المنصورة. للتواصل: 01214742726.",ملابس,481.42,المنصورة,1214742726
337.0,"هودي Adidas صوف - لون أحمر, استعمال خفيف","هودي Adidas صوف - لون أحمر, استعمال خفيف. السعر: 1991.22 جنيه. للمعاينة في المنصورة. للتواصل: 01174623685.",ملابس,1991.22,المنصورة,1174623685
65.0,موبايل Xiaomi Xiaomi 14 للبيع,موبايل Xiaomi Xiaomi 14 للبيع - جديد بالعلبة. السعر: 10203.58 جنيه. للتواصل: 01067116754. المكان: الإسكندرية.,موبايلات,10203.58,الإسكندرية,1067116754
207.0,"بنطلون Adidas جينز - لون أبيض, بحالة ممتازة","بنطلون Adidas جينز - لون أبيض, بحالة ممتازة. السعر: 150.2 جنيه. للمعاينة في الإسكندرية. للتواصل: 01149693611.",ملابس,150.2,الإسكندرية,1149693611
135.0,"تيشيرت Defacto بولو - لون أبيض, بحالة ممتازة","تيشيرت Defacto بولو - لون أبيض, بحالة ممتازة. السعر: 867.69 جنيه. للمعاينة في الإسكندرية. للتواصل: 01130688227.",ملابس,867.69,الإسكندرية,1130688227
191.0,"بنطلون LC Waikiki جينز - لون أخضر, استعمال خفيف","بنطلون LC Waikiki جينز - لون أخضر, استعمال خفيف. السعر: 1681.31 جنيه. للمعاينة في المنصورة. للتواصل: 01291288066.",ملابس,1681.31,المنصورة,1291288066
422.0,"تيشيرت LC Waikiki بولو - لون أخضر, جديد","تيشيرت LC Waikiki بولو - لون أخضر, جديد. السعر: 2433.28 جنيه. للمعاينة في أسيوط. للتواصل: 01148398255.",ملابس,2433.28,أسيوط,1148398255
502.0,"تيشيرت LC Waikiki أوفر سايز - لون أحمر, جديد","تيشيرت LC Waikiki أوفر سايز - لون أحمر, جديد. السعر: 2180.0 جنيه. للمعاينة في الإسكندرية. للتواصل: 01271598796.",ملابس,2180.0,الإسكندرية,1271598796
330.0,"تيشيرت Adidas قطن - لون بيج, بحالة ممتازة","تيشيرت Adidas قطن - لون بيج, بحالة ممتازة. السعر: 1449.87 جنيه. للمعاينة في أسيوط. للتواصل: 01131448180.",ملابس,1449.87,أسيوط,1131448180
182.0,"هودي Adidas مبطن - لون أحمر, بحالة ممتازة","هودي Adidas مبطن - لون أحمر, بحالة ممتازة. السعر: 536.44 جنيه. للمعاينة في القاهرة. للتواصل: 01090000497.",ملابس,536.44,القاهرة,1090000497
53.0,موبايل Realme Narzo 50 للبيع,موبايل Realme Narzo 50 للبيع - يحتاج تغيير بطارية. السعر: 6563.5 جنيه. للتواصل: 01237872210. المكان: الجيزة.,موبايلات,6563.5,الجيزة,1237872210
469.0,"بنطلون Adidas جينز - لون رمادي, استعمال خفيف","بنطلون Adidas جينز - لون رمادي, استعمال خفيف. السعر: 1795.28 جنيه. للمعاينة في طنطا. للتواصل: 01174547777.",ملابس,1795.28,طنطا,1174547777
137.0,"بنطلون LC Waikiki جينز - لون أخضر, استعمال خفيف","بنطلون LC Waikiki جينز - لون أخضر, استعمال خفيف. السعر: 2444.66 جنيه. للمعاينة في الأقصر. للتواصل: 01291226954.",ملابس,2444.66,الأقصر,1291226954
394.0,"بنطلون Adidas قماش - لون بيج, استعمال خفيف","بنطلون Adidas قماش - لون بيج, استعمال خفيف. السعر: 1375.36 جنيه. للمعاينة في المنصورة. للتواصل: 01182031376.",ملابس,1375.36,المنصورة,1182031376
347.0,"هودي LC Waikiki صوف - لون أسود, جديد","هودي LC Waikiki صوف - لون أسود, جديد. السعر: 1368.81 جنيه. للمعاينة في الجيزة. للتواصل: 01054758962.",ملابس,1368.81,الجيزة,1054758962
166.0,"بنطلون LC Waikiki جبردين - لون أسود, جديد","بنطلون LC Waikiki جبردين - لون أسود, جديد. السعر: 2039.35 جنيه. للمعاينة في الأقصر. للتواصل: 01276929648.",ملابس,2039.35,الأقصر,1276929648
497.0,"تيشيرت Adidas أوفر سايز - لون رمادي, جديد","تيشيرت Adidas أوفر سايز - لون رمادي, جديد. السعر: 523.03 جنيه. للمعاينة في طنطا. للتواصل: 01121749360.",ملابس,523.03,طنطا,1121749360
170.0,"بنطلون Adidas رياضي - لون أسود, جديد","بنطلون Adidas رياضي - لون أسود, جديد. السعر: 183.79 جنيه. للمعاينة في الإسكندرية. للتواصل: 01292170272.",ملابس,183.79,الإسكندرية,1292170272
44.0,موبايل Oppo A78 للبيع,موبايل Oppo A78 للبيع - يحتاج تغيير بطارية. السعر: 85580.66 جنيه. للتواصل: 01144702235. المكان: أسيوط.,موبايلات,85580.66,أسيوط,1144702235
246.0,"بنطلون Defacto قماش - لون أزرق, جديد","بنطلون Defacto قماش - لون أزرق, جديد. السعر: 1042.14 جنيه. للمعاينة في أسيوط. للتواصل: 01288315114.",ملابس,1042.14,أسيوط,1288315114
228.0,"هودي LC Waikiki ميلتون - لون أخضر, جديد","هودي LC Waikiki ميلتون - لون أخضر, جديد. السعر: 321.97 جنيه. للمعاينة في الأقصر. للتواصل: 01182545909.",ملابس,321.97,الأقصر,1182545909
79.0,موبايل Xiaomi Redmi Note 13 للبيع,موبايل Xiaomi Redmi Note 13 للبيع - جديد بالعلبة. السعر: 92971.31 جنيه. للتواصل: 01124406076. المكان: طنطا.,موبايلات,92971.31,طنطا,1124406076
231.0,"بنطلون LC Waikiki قماش - لون أزرق, جديد","بنطلون LC Waikiki قماش - لون أزرق, جديد. السعر: 1926.71 جنيه. للمعاينة في الجيزة. للتواصل: 01056209195.",ملابس,1926.71,الجيزة,1056209195
180.0,"هودي Defacto صوف - لون رمادي, بحالة ممتازة","هودي Defacto صوف - لون رمادي, بحالة ممتازة. السعر: 208.91 جنيه. للمعاينة في الجيزة. للتواصل: 01189779853.",ملابس,208.91,الجيزة,1189779853
457.0,"هودي Puma مبطن - لون رمادي, جديد","هودي Puma مبطن - لون رمادي, جديد. السعر: 396.12 جنيه. للمعاينة في أسيوط. للتواصل: 01150828595.",ملابس,396.12,أسيوط,1150828595
113.0,"تيشيرت LC Waikiki بولو - لون أسود, بحالة ممتازة","تيشيرت LC Waikiki بولو - لون أسود, بحالة ممتازة. السعر: 664.77 جنيه. للمعاينة في أسيوط. للتواصل: 01232070420.",ملابس,664.77,أسيوط,1232070420
425.0,"بنطلون Nike قماش - لون رمادي, جديد","بنطلون Nike قماش - لون رمادي, جديد. السعر: 1207.59 جنيه. للمعاينة في المنصورة. للتواصل: 01167995135.",ملابس,1207.59,المنصورة,1167995135
455.0,"بنطلون LC Waikiki قماش - لون أزرق, جديد","بنطلون LC Waikiki قماش - لون أزرق, جديد. السعر: 2427.39 جنيه. للمعاينة في المنصورة. للتواصل: 01027575773.",ملابس,2427.39,المنصورة,1027575773
194.0,"بنطلون Adidas رياضي - لون أزرق, جديد","بنطلون Adidas رياضي - لون أزرق, جديد. السعر: 1423.63 جنيه. للمعاينة في أسيوط. للتواصل: 01084915172.",ملابس,1423.63,أسيوط,1084915172
227.0,"هودي H&M مبطن - لون أخضر, بحالة ممتازة","هودي H&M مبطن - لون أخضر, بحالة ممتازة. السعر: 2496.34 جنيه. للمعاينة في الجيزة. للتواصل: 01160439472.",ملابس,2496.34,الجيزة,1160439472
364.0,"تيشيرت H&M أوفر سايز - لون أخضر, جديد","تيشيرت H&M أوفر سايز - لون أخضر, جديد. السعر: 1711.92 جنيه. للمعاينة في الإسكندرية. للتواصل: 01015465009.",ملابس,1711.92,الإسكندرية,1015465009
280.0,"تيشيرت Adidas رياضي - لون أحمر, استعمال خفيف","تيشيرت Adidas رياضي - لون أحمر, استعمال خفيف. السعر: 1882.99 جنيه. للمعاينة في المنصورة. للتواصل: 01125662840.",ملابس,1882.99,المنصورة,1125662840
154.0,"بنطلون Zara رياضي - لون أبيض, بحالة ممتازة","بنطلون Zara رياضي - لون أبيض, بحالة ممتازة. السعر: 300.12 جنيه. للمعاينة في الأقصر. للتواصل: 01250055451.",ملابس,300.12,الأقصر,1250055451
298.0,"تيشيرت Defacto بولو - لون أحمر, بحالة ممتازة","تيشيرت Defacto بولو - لون أحمر, بحالة ممتازة. السعر: 724.06 جنيه. للمعاينة في الإسكندرية. للتواصل: 01145068136.",ملابس,724.06,الإسكندرية,1145068136
386.0,"بنطلون Adidas جينز - لون أبيض, جديد","بنطلون Adidas جينز - لون أبيض, جديد. السعر: 1708.95 جنيه. للمعاينة في الإسكندرية. للتواصل: 01142631892.",ملابس,1708.95,الإسكندرية,1142631892
195.0,"هودي Adidas صوف - لون أحمر, بحالة ممتازة","هودي Adidas صوف - لون أحمر, بحالة ممتازة. السعر: 1746.87 جنيه. للمعاينة في الجيزة. للتواصل: 01225311544.",ملابس,1746.87,الجيزة,1225311544
206.0,"تيشيرت Adidas بولو - لون أزرق, بحالة ممتازة","تيشيرت Adidas بولو - لون أزرق, بحالة ممتازة. السعر: 1378.99 جنيه. للمعاينة في أسيوط. للتواصل: 01211940166.",ملابس,1378.99,أسيوط,1211940166
6.0,موبايل Samsung Galaxy S23 Ultra للبيع,موبايل Samsung Galaxy S23 Ultra للبيع - جديد بالعلبة. السعر: 99020.76 جنيه. للتواصل: 01229081820. المكان: المنصورة.,موبايلات,99020.76,المنصورة,1229081820
369.0,"تيشيرت Defacto قطن - لون أسود, بحالة ممتازة","تيشيرت Defacto قطن - لون أسود, بحالة ممتازة. السعر: 1334.34 جنيه. للمعاينة في القاهرة. للتواصل: 01277640580.",ملابس,1334.34,القاهرة,1277640580
233.0,"تيشيرت Defacto رياضي - لون أخضر, بحالة ممتازة","تيشيرت Defacto رياضي - لون أخضر, بحالة ممتازة. السعر: 198.28 جنيه. للمعاينة في القاهرة. للتواصل: 01032031477.",ملابس,198.28,القاهرة,1032031477
270.0,"هودي LC Waikiki صوف - لون أخضر, استعمال خفيف","هودي LC Waikiki صوف - لون أخضر, استعمال خفيف. السعر: 2440.67 جنيه. للمعاينة في أسيوط. للتواصل: 01110172041.",ملابس,2440.67,أسيوط,1110172041
176.0,"تيشيرت H&M أوفر سايز - لون أحمر, بحالة ممتازة","تيشيرت H&M أوفر سايز - لون أحمر, بحالة ممتازة. السعر: 1102.62 جنيه. للمعاينة في الأقصر. للتواصل: 01178255261.",ملابس,1102.62,الأقصر,1178255261
405.0,"بنطلون Nike رياضي - لون أبيض, جديد","بنطلون Nike رياضي - لون أبيض, جديد. السعر: 625.65 جنيه. للمعاينة في أسيوط. للتواصل: 01180700277.",ملابس,625.65,أسيوط,1180700277
427.0,"تيشيرت H&M رياضي - لون أحمر, جديد","تيشيرت H&M رياضي - لون أحمر, جديد. السعر: 1235.32 جنيه. للمعاينة في القاهرة. للتواصل: 01187395827.",ملابس,1235.32,القاهرة,1187395827
68.0,موبايل Samsung Galaxy S24 للبيع,موبايل Samsung Galaxy S24 للبيع - جديد بالعلبة. السعر: 13332.55 جنيه. للتواصل: 01178199271. المكان: الجيزة.,موبايلات,13332.55,الجيزة,1178199271
333.0,"بنطلون Zara جبردين - لون أبيض, بحالة ممتازة","بنطلون Zara جبردين - لون أبيض, بحالة ممتازة. السعر: 2009.59 جنيه. للمعاينة في القاهرة. للتواصل: 01211534307.",ملابس,2009.59,القاهرة,1211534307
503.0,"هودي LC Waikiki قطن - لون أبيض, جديد","هودي LC Waikiki قطن - لون أبيض, جديد. السعر: 2353.72 جنيه. للمعاينة في القاهرة. للتواصل: 01243095841.",ملابس,2353.72,القاهرة,1243095841
268.0,"تيشيرت Nike بولو - لون بيج, بحالة ممتازة","تيشيرت Nike بولو - لون بيج, بحالة ممتازة. السعر: 1074.2 جنيه. للمعاينة في أسيوط. للتواصل: 01178545937.",ملابس,1074.2,أسيوط,1178545937
143.0,"هودي Defacto صوف - لون أبيض, بحالة ممتازة","هودي Defacto صوف - لون أبيض, بحالة ممتازة. السعر: 805.44 جنيه. للمعاينة في أسيوط. للتواصل: 01158144379.",ملابس,805.44,أسيوط,1158144379
329.0,"تيشيرت H&M قطن - لون رمادي, بحالة ممتازة","تيشيرت H&M قطن - لون رمادي, بحالة ممتازة. السعر: 187.86 جنيه. للمعاينة في طنطا. للتواصل: 01092348034.",ملابس,187.86,طنطا,1092348034
440.0,"تيشيرت Nike رياضي - لون رمادي, بحالة ممتازة","تيشيرت Nike رياضي - لون رمادي, بحالة ممتازة. السعر: 358.86 جنيه. للمعاينة في القاهرة. للتواصل: 01091682859.",ملابس,358.86,القاهرة,1091682859
385.0,"بنطلون Adidas رياضي - لون أزرق, جديد","بنطلون Adidas رياضي - لون أزرق, جديد. السعر: 615.88 جنيه. للمعاينة في القاهرة. للتواصل: 01227212066.",ملابس,615.88,القاهرة,1227212066
485.0,"هودي Adidas صوف - لون بيج, جديد","هودي Adidas صوف - لون بيج, جديد. السعر: 790.79 جنيه. للمعاينة في الجيزة. للتواصل: 01116474501.",ملابس,790.79,الجيزة,1116474501
132.0,"بنطلون Puma قماش - لون أسود, بحالة ممتازة","بنطلون Puma قماش - لون أسود, بحالة ممتازة. السعر: 1173.52 جنيه. للمعاينة في الجيزة. للتواصل: 01066518422.",ملابس,1173.52,الجيزة,1066518422
269.0,"تيشيرت H&M بولو - لون أحمر, استعمال خفيف","تيشيرت H&M بولو - لون أحمر, استعمال خفيف. السعر: 2391.87 جنيه. للمعاينة في طنطا. للتواصل: 01085870637.",ملابس,2391.87,طنطا,1085870637
16.0,موبايل Realme Narzo 50 للبيع,موبايل Realme Narzo 50 للبيع - يحتاج تغيير بطارية. السعر: 32308.18 جنيه. للتواصل: 01062406985. المكان: المنصورة.,موبايلات,32308.18,المنصورة,1062406985
80.0,موبايل Apple iPhone SE للبيع,موبايل Apple iPhone SE للبيع - جديد بالعلبة. السعر: 71927.5 جنيه. للتواصل: 01196514547. المكان: القاهرة.,موبايلات,71927.5,القاهرة,1196514547
489.0,"بنطلون H&M قماش - لون أزرق, استعمال خفيف","بنطلون H&M قماش - لون أزرق, استعمال خفيف. السعر: 760.56 جنيه. للمعاينة في الجيزة. للتواصل: 01061476459.",ملابس,760.56,الجيزة,1061476459
124.0,"بنطلون LC Waikiki رياضي - لون أسود, استعمال خفيف","بنطلون LC Waikiki رياضي - لون أسود, استعمال خفيف. السعر: 377.85 جنيه. للمعاينة في الإسكندرية. للتواصل: 01146309447.",ملابس,377.85,الإسكندرية,1146309447
390.0,"تيشيرت H&M بولو - لون بيج, جديد","تيشيرت H&M بولو - لون بيج, جديد. السعر: 722.03 جنيه. للمعاينة في المنصورة. للتواصل: 01194800933.",ملابس,722.03,المنصورة,1194800933
150.0,"هودي Adidas صوف - لون أبيض, بحالة ممتازة","هودي Adidas صوف - لون أبيض, بحالة ممتازة. السعر: 1732.8 جنيه. للمعاينة في المنصورة. للتواصل: 01094171993.",ملابس,1732.8,المنصورة,1094171993
62.0,موبايل Samsung Galaxy A55 للبيع,موبايل Samsung Galaxy A55 للبيع - مستعمل بحالة ممتازة. السعر: 105027.76 جنيه. للتواصل: 01164549266. المكان: المنصورة.,موبايلات,105027.76,المنصورة,1164549266
277.0,"هودي Defacto صوف - لون رمادي, بحالة ممتازة","هودي Defacto صوف - لون رمادي, بحالة ممتازة. السعر: 1773.17 جنيه. للمعاينة في الجيزة. للتواصل: 01044797850.",ملابس,1773.17,الجيزة,1044797850
252.0,"بنطلون Zara رياضي - لون أخضر, استعمال خفيف","بنطلون Zara رياضي - لون أخضر, استعمال خفيف. السعر: 503.23 جنيه. للمعاينة في الإسكندرية. للتواصل: 01226549017.",ملابس,503.23,الإسكندرية,1226549017
263.0,"بنطلون Adidas جينز - لون أسود, جديد","بنطلون Adidas جينز - لون أسود, جديد. السعر: 256.35 جنيه. للمعاينة في القاهرة. للتواصل: 01012137808.",ملابس,256.35,القاهرة,1012137808
221.0,"هودي Adidas مبطن - لون أزرق, استعمال خفيف","هودي Adidas مبطن - لون أزرق, استعمال خفيف. السعر: 547.17 جنيه. للمعاينة في الأقصر. للتواصل: 01262735045.",ملابس,547.17,الأقصر,1262735045
55.0,موبايل Samsung Galaxy Z Fold 5 للبيع,موبايل Samsung Galaxy Z Fold 5 للبيع - يحتاج تغيير بطارية. السعر: 111061.26 جنيه. للتواصل: 01268682004. المكان: الإسكندرية.,موبايلات,111061.26,الإسكندرية,1268682004
383.0,"هودي Zara قطن - لون أحمر, استعمال خفيف","هودي Zara قطن - لون أحمر, استعمال خفيف. السعر: 2405.46 جنيه. للمعاينة في القاهرة. للتواصل: 01197785953.",ملابس,2405.46,القاهرة,1197785953
434.0,"تيشيرت Puma بولو - لون أخضر, بحالة ممتازة","تيشيرت Puma بولو - لون أخضر, بحالة ممتازة. السعر: 694.23 جنيه. للمعاينة في الجيزة. للتواصل: 01255140746.",ملابس,694.23,الجيزة,1255140746
491.0,"تيشيرت Adidas رياضي - لون أحمر, بحالة ممتازة","تيشيرت Adidas رياضي - لون أحمر, بحالة ممتازة. السعر: 1237.41 جنيه. للمعاينة في الجيزة. للتواصل: 01118312092.",ملابس,1237.41,الجيزة,1118312092
67.0,موبايل Realme Narzo 50 للبيع,موبايل Realme Narzo 50 للبيع - مستعمل خفيف. السعر: 2787.17 جنيه. للتواصل: 01160646704. المكان: المنصورة.,موبايلات,2787.17,المنصورة,1160646704
61.0,موبايل Realme Narzo 50 للبيع,موبايل Realme Narzo 50 للبيع - يحتاج تغيير بطارية. السعر: 17468.44 جنيه. للتواصل: 01132426883. المكان: الجيزة.,موبايلات,17468.44,الجيزة,1132426883
184.0,"تيشيرت LC Waikiki رياضي - لون بيج, استعمال خفيف","تيشيرت LC Waikiki رياضي - لون بيج, استعمال خفيف. السعر: 2267.63 جنيه. للمعاينة في الأقصر. للتواصل: 01255466494.",ملابس,2267.63,الأقصر,1255466494
102.0,موبايل Realme C55 للبيع,موبايل Realme C55 للبيع - جديد بالعلبة. السعر: 53193.45 جنيه. للتواصل: 01127783603. المكان: الجيزة.,موبايلات,53193.45,الجيزة,1127783603
437.0,"هودي Nike مبطن - لون أسود, بحالة ممتازة","هودي Nike مبطن - لون أسود, بحالة ممتازة. السعر: 766.71 جنيه. للمعاينة في طنطا. للتواصل: 01094881997.",ملابس,766.71,طنطا,1094881997
421.0,"تيشيرت Zara رياضي - لون أسود, جديد","تيشيرت Zara رياضي - لون أسود, جديد. السعر: 1741.96 جنيه. للمعاينة في القاهرة. للتواصل: 01244068987.",ملابس,1741.96,القاهرة,1244068987
167.0,"تيشيرت Nike رياضي - لون أحمر, بحالة ممتازة","تيشيرت Nike رياضي - لون أحمر, بحالة ممتازة. السعر: 2431.65 جنيه. للمعاينة في الإسكندرية. للتواصل: 01255115704.",ملابس,2431.65,الإسكندرية,1255115704
343.0,"هودي Adidas قطن - لون أبيض, بحالة ممتازة","هودي Adidas قطن - لون أبيض, بحالة ممتازة. السعر: 2116.84 جنيه. للمعاينة في الإسكندرية. للتواصل: 01055324253.",ملابس,2116.84,الإسكندرية,1055324253
71.0,موبايل Realme Narzo 50 للبيع,موبايل Realme Narzo 50 للبيع - مستعمل خفيف. السعر: 71656.18 جنيه. للتواصل: 01278188978. المكان: القاهرة.,موبايلات,71656.18,القاهرة,1278188978
319.0,"هودي Nike صوف - لون رمادي, استعمال خفيف","هودي Nike صوف - لون رمادي, استعمال خفيف. السعر: 1322.94 جنيه. للمعاينة في طنطا. للتواصل: 01216252709.",ملابس,1322.94,طنطا,1216252709
470.0,"بنطلون Puma جبردين - لون رمادي, استعمال خفيف","بنطلون Puma جبردين - لون رمادي, استعمال خفيف. السعر: 1408.08 جنيه. للمعاينة في القاهرة. للتواصل: 01175516719.",ملابس,1408.08,القاهرة,1175516719
197.0,"تيشيرت H&M بولو - لون أبيض, استعمال خفيف","تيشيرت H&M بولو - لون أبيض, استعمال خفيف. السعر: 843.67 جنيه. للمعاينة في أسيوط. للتواصل: 01249912982.",ملابس,843.67,أسيوط,1249912982
393.0,"بنطلون Nike قماش - لون أسود, بحالة ممتازة","بنطلون Nike قماش - لون أسود, بحالة ممتازة. السعر: 831.44 جنيه. للمعاينة في الإسكندرية. للتواصل: 01053801004.",ملابس,831.44,الإسكندرية,1053801004
447.0,"تيشيرت Adidas أوفر سايز - لون أسود, بحالة ممتازة","تيشيرت Adidas أوفر سايز - لون أسود, بحالة ممتازة. السعر: 1314.62 جنيه. للمعاينة في أسيوط. للتواصل: 01129921821.",ملابس,1314.62,أسيوط,1129921821
290.0,"هودي Adidas قطن - لون أسود, استعمال خفيف","هودي Adidas قطن - لون أسود, استعمال خفيف. السعر: 1134.97 جنيه. للمعاينة في طنطا. للتواصل: 01064193709.",ملابس,1134.97,طنطا,1064193709
105.0,موبايل Apple iPhone 15 للبيع,موبايل Apple iPhone 15 للبيع - جديد بالعلبة. السعر: 18983.1 جنيه. للتواصل: 01074522786. المكان: طنطا.,موبايلات,18983.1,طنطا,1074522786
156.0,"بنطلون Nike رياضي - لون أخضر, جديد","بنطلون Nike رياضي - لون أخضر, جديد. السعر: 1941.15 جنيه. للمعاينة في الجيزة. للتواصل: 01271993911.",ملابس,1941.15,الجيزة,1271993911
112.0,"هودي H&M ميلتون - لون أحمر, استعمال خفيف","هودي H&M ميلتون - لون أحمر, استعمال خفيف. السعر: 382.59 جنيه. للمعاينة في الأقصر. للتواصل: 01175094082.",ملابس,382.59,الأقصر,1175094082
131.0,"هودي H&M صوف - لون أزرق, استعمال خفيف","هودي H&M صوف - لون أزرق, استعمال خفيف. السعر: 2013.92 جنيه. للمعاينة في المنصورة. للتواصل: 01061809008.",ملابس,2013.92,المنصورة,1061809008
5.0,🚴‍♂️ دراجة هوائية جبلية للبيع - حالة ممتازة!  🏔️ ا...,🚴‍♂️ دراجة هوائية جبلية للبيع - حالة ممتازة!  🏔️ المميزات: • دراجة جبلية 21 سرعة • إطار ألومنيوم خفيف • فرامل قرصية أمامية وخلفية • عجلات 26 بوصة • مناسبة للطرق الوعرة والمدينة  💰 السعر: 2 500 جنيه 📍 الموقع: القاهرة - مصر الجديدة 📱 للتواصل: 01066778899,رياضة,2500.0,القاهرة - مصر الجديدة,1066778899
199.0,"بنطلون Defacto رياضي - لون بيج, جديد","بنطلون Defacto رياضي - لون بيج, جديد. السعر: 183.46 جنيه. للمعاينة في طنطا. للتواصل: 01018467209.",ملابس,183.46,طنطا,1018467209
377.0,"هودي H&M صوف - لون أبيض, بحالة ممتازة","هودي H&M صوف - لون أبيض, بحالة ممتازة. السعر: 896.76 جنيه. للمعاينة في الأقصر. للتواصل: 01223208450.",ملابس,896.76,الأقصر,1223208450
459.0,"هودي Nike قطن - لون أزرق, جديد","هودي Nike قطن - لون أزرق, جديد. السعر: 1632.32 جنيه. للمعاينة في الجيزة. للتواصل: 01239344509.",ملابس,1632.32,الجيزة,1239344509
471.0,"هودي H&M صوف - لون رمادي, استعمال خفيف","هودي H&M صوف - لون رمادي, استعمال خفيف. السعر: 755.94 جنيه. للمعاينة في القاهرة. للتواصل: 01119614063.",ملابس,755.94,القاهرة,1119614063
94.0,موبايل Realme Narzo 50 للبيع,موبايل Realme Narzo 50 للبيع - يحتاج تغيير بطارية. السعر: 70446.04 جنيه. للتواصل: 01165771648. المكان: المنصورة.,موبايلات,70446.04,المنصورة,1165771648
134.0,"بنطلون Nike قماش - لون بيج, بحالة ممتازة","بنطلون Nike قماش - لون بيج, بحالة ممتازة. السعر: 1609.56 جنيه. للمعاينة في الإسكندرية. للتواصل: 01289184397.",ملابس,1609.56,الإسكندرية,1289184397
224.0,"تيشيرت Nike بولو - لون أحمر, جديد","تيشيرت Nike بولو - لون أحمر, جديد. السعر: 976.38 جنيه. للمعاينة في القاهرة. للتواصل: 01234782098.",ملابس,976.38,القاهرة,1234782098
153.0,"بنطلون Puma جينز - لون أحمر, استعمال خفيف","بنطلون Puma جينز - لون أحمر, استعمال خفيف. السعر: 449.99 جنيه. للمعاينة في المنصورة. للتواصل: 01078202843.",ملابس,449.99,المنصورة,1078202843
424.0,"هودي Puma صوف - لون أزرق, جديد","هودي Puma صوف - لون أزرق, جديد. السعر: 1168.88 جنيه. للمعاينة في القاهرة. للتواصل: 01017664426.",ملابس,1168.88,القاهرة,1017664426
248.0,"تيشيرت Defacto رياضي - لون أسود, بحالة ممتازة","تيشيرت Defacto رياضي - لون أسود, بحالة ممتازة. السعر: 2229.53 جنيه. للمعاينة في طنطا. للتواصل: 01072665721.",ملابس,2229.53,طنطا,1072665721
20.0,موبايل Realme C55 للبيع,موبايل Realme C55 للبيع - مستعمل بحالة ممتازة. السعر: 74718.66 جنيه. للتواصل: 01035303199. المكان: الجيزة.,موبايلات,74718.66,الجيزة,1035303199
376.0,"هودي Zara قطن - لون أبيض, استعمال خفيف","هودي Zara قطن - لون أبيض, استعمال خفيف. السعر: 1671.32 جنيه. للمعاينة في الأقصر. للتواصل: 01060445932.",ملابس,1671.32,الأقصر,1060445932
473.0,"بنطلون H&M رياضي - لون أخضر, جديد","بنطلون H&M رياضي - لون أخضر, جديد. السعر: 152.51 جنيه. للمعاينة في القاهرة. للتواصل: 01040636319.",ملابس,152.51,القاهرة,1040636319
492.0,"هودي Defacto ميلتون - لون أزرق, جديد","هودي Defacto ميلتون - لون أزرق, جديد. السعر: 2454.46 جنيه. للمعاينة في الإسكندرية. للتواصل: 01127949824.",ملابس,2454.46,الإسكندرية,1127949824
220.0,"هودي Puma مبطن - لون أحمر, بحالة ممتازة","هودي Puma مبطن - لون أحمر, بحالة ممتازة. السعر: 1697.04 جنيه. للمعاينة في أسيوط. للتواصل: 01025842199.",ملابس,1697.04,أسيوط,1025842199
351.0,"بنطلون Puma قماش - لون بيج, استعمال خفيف","بنطلون Puma قماش - لون بيج, استعمال خفيف. السعر: 1416.85 جنيه. للمعاينة في المنصورة. للتواصل: 01292904534.",ملابس,1416.85,المنصورة,1292904534
178.0,"هودي Nike ميلتون - لون أخضر, جديد","هودي Nike ميلتون - لون أخضر, جديد. السعر: 1658.04 جنيه. للمعاينة في الأقصر. للتواصل: 01016506323.",ملابس,1658.04,الأقصر,1016506323
189.0,"تيشيرت H&M قطن - لون أبيض, بحالة ممتازة","تيشيرت H&M قطن - لون أبيض, بحالة ممتازة. السعر: 696.43 جنيه. للمعاينة في طنطا. للتواصل: 01227482139.",ملابس,696.43,طنطا,1227482139
278.0,"بنطلون Puma جينز - لون أحمر, استعمال خفيف","بنطلون Puma جينز - لون أحمر, استعمال خفيف. السعر: 1326.86 جنيه. للمعاينة في القاهرة. للتواصل: 01226801459.",ملابس,1326.86,القاهرة,1226801459
186.0,"تيشيرت Defacto بولو - لون أسود, استعمال خفيف","تيشيرت Defacto بولو - لون أسود, استعمال خفيف. السعر: 1980.21 جنيه. للمعاينة في القاهرة. للتواصل: 01218011881.",ملابس,1980.21,القاهرة,1218011881
210.0,"هودي H&M ميلتون - لون أسود, جديد","هودي H&M ميلتون - لون أسود, جديد. السعر: 2034.01 جنيه. للمعاينة في القاهرة. للتواصل: 01254212649.",ملابس,2034.01,القاهرة,1254212649
282.0,"بنطلون Zara قماش - لون أزرق, بحالة ممتازة","بنطلون Zara قماش - لون أزرق, بحالة ممتازة. السعر: 1640.91 جنيه. للمعاينة في الجيزة. للتواصل: 01191311854.",ملابس,1640.91,الجيزة,1191311854
355.0,"بنطلون Defacto قماش - لون أسود, جديد","بنطلون Defacto قماش - لون أسود, جديد. السعر: 733.64 جنيه. للمعاينة في أسيوط. للتواصل: 01020646129.",ملابس,733.64,أسيوط,1020646129
83.0,موبايل Oppo Find X7 للبيع,موبايل Oppo Find X7 للبيع - مستعمل بحالة ممتازة. السعر: 48211.95 جنيه. للتواصل: 01136365384. المكان: طنطا.,موبايلات,48211.95,طنطا,1136365384
19.0,موبايل Oppo Reno 10 للبيع,موبايل Oppo Reno 10 للبيع - مستعمل بحالة ممتازة. السعر: 28913.59 جنيه. للتواصل: 01239814273. المكان: القاهرة.,موبايلات,28913.59,القاهرة,1239814273
432.0,"هودي Zara قطن - لون أبيض, استعمال خفيف","هودي Zara قطن - لون أبيض, استعمال خفيف. السعر: 2181.48 جنيه. للمعاينة في الجيزة. للتواصل: 01289088339.",ملابس,2181.48,الجيزة,1289088339
,,موبايل Samsung Galaxy Z Fold 5 للبيع - يحتاج تغيير بطارية. السعر: 7861.65 جنيه. للتواصل: 01286507231. المكان: القاهرة.,موبايلات,7861.65,القاهرة,01286507231
,,موبايل Samsung Galaxy S23 Ultra للبيع - مستعمل بحالة ممتازة. السعر: 83465.03 جنيه. للتواصل: 01242749103. المكان: القاهرة.,موبايلات,83465.03,القاهرة,01242749103
,,موبايل Xiaomi Xiaomi 14 للبيع - جديد بالعلبة. السعر: 60898.28 جنيه. للتواصل: 01131007149. المكان: أسيوط.,موبايلات,60898.28,أسيوط,01131007149
,,موبايل Apple iPhone 15 للبيع - جديد بالعلبة. السعر: 48938.1 جنيه. للتواصل: 01124072332. المكان: القاهرة.,موبايلات,48938.1,القاهرة,01124072332
,,موبايل Realme GT Neo 6 للبيع - يحتاج تغيير بطارية. السعر: 73932.78 جنيه. للتواصل: 01157746541. المكان: الجيزة.,موبايلات,73932.78,الجيزة,01157746541
